"","date","AA","Cs","MP","PP","PSOE","UP","Vox","Izquierda","Derecha","PP.enc","PSOE.enc","Vox.enc","UP.enc","Cs.enc","AA.enc","MP.enc","Derecha.enc","Izquierda.enc"
"1",2022-02-24,5.02,5.42,1.72,34.98,26.54,8.05,14.77,41.33,55.17,NA,NA,NA,NA,NA,NA,NA,NA,NA
"2",2022-02-23,5.02,5.42,1.72,34.99,26.54,8.05,14.77,41.33,55.18,NA,NA,NA,NA,NA,NA,NA,NA,NA
"3",2022-02-22,5.02,5.41,1.72,34.99,26.54,8.05,14.77,41.33,55.17,NA,NA,NA,NA,NA,NA,NA,NA,NA
"4",2022-02-21,5.02,5.41,1.72,34.99,26.54,8.05,14.77,41.33,55.17,NA,NA,NA,NA,NA,NA,NA,NA,NA
"5",2022-02-20,5.02,5.41,1.72,35,26.54,8.06,14.77,41.34,55.18,NA,NA,NA,NA,NA,NA,NA,NA,NA
"6",2022-02-19,5.02,5.4,1.72,35,26.54,8.06,14.77,41.34,55.17,NA,NA,NA,NA,NA,NA,NA,NA,NA
"7",2022-02-18,5.02,5.4,1.72,35,26.54,8.06,14.77,41.34,55.17,38,24.3,16.7,7.2,4.1,5.1,2.1,58.8,38.7
"8",2022-02-17,5.02,5.56,1.67,34.61,26.85,8.16,14.49,41.7,54.66,NA,NA,NA,NA,NA,NA,NA,NA,NA
"9",2022-02-16,5.02,5.56,1.67,34.61,26.85,8.16,14.49,41.7,54.66,NA,NA,NA,NA,NA,NA,NA,NA,NA
"10",2022-02-15,5.02,5.55,1.67,34.62,26.85,8.16,14.49,41.7,54.66,NA,NA,NA,NA,NA,NA,NA,NA,NA
"11",2022-02-14,5.02,5.55,1.67,34.62,26.85,8.16,14.49,41.7,54.66,29.9,28.8,18.2,7.7,5,6,1.6,53.1,44.1
"12",2022-02-13,4.92,5.6,1.68,35.2,26.62,8.21,14.02,41.43,54.82,NA,NA,NA,NA,NA,NA,NA,NA,NA
"13",2022-02-12,4.92,5.6,1.68,35.2,26.62,8.21,14.02,41.43,54.82,NA,NA,NA,NA,NA,NA,NA,NA,NA
"14",2022-02-11,4.92,5.6,1.68,35.21,26.63,8.21,14.02,41.44,54.83,NA,NA,NA,NA,NA,NA,NA,NA,NA
"15",2022-02-10,4.92,5.6,1.68,35.21,26.63,8.22,14.02,41.45,54.83,NA,NA,NA,NA,NA,NA,NA,NA,NA
"16",2022-02-09,4.92,5.59,1.68,35.21,26.63,8.22,14.02,41.45,54.82,NA,NA,NA,NA,NA,NA,NA,NA,NA
"17",2022-02-08,4.92,5.59,1.68,35.22,26.63,8.22,14.02,41.45,54.83,NA,NA,NA,NA,NA,NA,NA,NA,NA
"18",2022-02-07,4.92,5.59,1.68,35.22,26.63,8.22,14.02,41.45,54.83,NA,NA,NA,NA,NA,NA,NA,NA,NA
"19",2022-02-06,4.92,5.59,1.68,35.22,26.63,8.22,14.02,41.45,54.83,NA,NA,NA,NA,NA,NA,NA,NA,NA
"20",2022-02-05,4.92,5.58,1.68,35.22,26.63,8.22,14.02,41.45,54.82,NA,NA,NA,NA,NA,NA,NA,NA,NA
"21",2022-02-04,4.92,5.58,1.68,35.23,26.63,8.22,14.02,41.45,54.83,NA,NA,NA,NA,NA,NA,NA,NA,NA
"22",2022-02-03,4.92,5.58,1.68,35.23,26.63,8.22,14.01,41.45,54.82,NA,NA,NA,NA,NA,NA,NA,NA,NA
"23",2022-02-02,4.92,5.57,1.68,35.23,26.63,8.22,14.01,41.45,54.81,NA,NA,NA,NA,NA,NA,NA,NA,NA
"24",2022-02-01,4.92,5.57,1.68,35.24,26.63,8.22,14.01,41.45,54.82,NA,NA,NA,NA,NA,NA,NA,NA,NA
"25",2022-01-31,4.92,5.57,1.68,35.24,26.63,8.22,14.01,41.45,54.82,NA,NA,NA,NA,NA,NA,NA,NA,NA
"26",2022-01-30,4.92,5.57,1.68,35.24,26.63,8.23,14.01,41.46,54.82,NA,NA,NA,NA,NA,NA,NA,NA,NA
"27",2022-01-29,4.92,5.56,1.68,35.24,26.63,8.23,14.01,41.46,54.81,NA,NA,NA,NA,NA,NA,NA,NA,NA
"28",2022-01-28,4.92,5.56,1.68,35.25,26.63,8.23,14.01,41.46,54.82,NA,NA,NA,NA,NA,NA,NA,NA,NA
"29",2022-01-27,4.92,5.56,1.68,35.25,26.63,8.23,14.01,41.46,54.82,NA,NA,NA,NA,NA,NA,NA,NA,NA
"30",2022-01-26,4.92,5.56,1.68,35.25,26.63,8.23,14.01,41.46,54.82,NA,NA,NA,NA,NA,NA,NA,NA,NA
"31",2022-01-25,4.92,5.55,1.68,35.26,26.63,8.23,14.01,41.46,54.82,NA,NA,NA,NA,NA,NA,NA,NA,NA
"32",2022-01-24,4.92,5.55,1.68,35.26,26.63,8.23,14.01,41.46,54.82,NA,NA,NA,NA,NA,NA,NA,NA,NA
"33",2022-01-23,4.92,5.55,1.68,35.26,26.63,8.23,14.01,41.46,54.82,NA,NA,NA,NA,NA,NA,NA,NA,NA
"34",2022-01-22,4.92,5.54,1.68,35.26,26.63,8.23,14.01,41.46,54.81,NA,NA,NA,NA,NA,NA,NA,NA,NA
"35",2022-01-21,4.92,5.54,1.68,35.27,26.63,8.23,14.01,41.46,54.82,NA,NA,NA,NA,NA,NA,NA,NA,NA
"36",2022-01-20,4.92,5.54,1.68,35.27,26.63,8.24,14.01,41.47,54.82,NA,NA,NA,NA,NA,NA,NA,NA,NA
"37",2022-01-19,4.92,5.54,1.68,35.27,26.63,8.24,14.01,41.47,54.82,NA,NA,NA,NA,NA,NA,NA,NA,NA
"38",2022-01-18,4.92,5.53,1.68,35.28,26.64,8.24,14.01,41.48,54.82,NA,NA,NA,NA,NA,NA,NA,NA,NA
"39",2022-01-17,4.92,5.53,1.68,35.28,26.64,8.24,14.01,41.48,54.82,NA,NA,NA,NA,NA,NA,NA,NA,NA
"40",2022-01-16,4.92,5.53,1.68,35.28,26.64,8.24,14.01,41.48,54.82,NA,NA,NA,NA,NA,NA,NA,NA,NA
"41",2022-01-15,4.92,5.53,1.68,35.28,26.64,8.24,14,41.48,54.81,NA,NA,NA,NA,NA,NA,NA,NA,NA
"42",2022-01-14,4.92,5.52,1.68,35.29,26.64,8.24,14,41.48,54.81,30.6,28.9,17.6,7.6,5,6.1,1.5,53.2,44.1
"43",2022-01-13,4.76,5.6,1.71,36.01,26.3,8.32,13.43,41.09,55.04,NA,NA,NA,NA,NA,NA,NA,NA,NA
"44",2022-01-12,4.76,5.6,1.71,36.01,26.3,8.32,13.43,41.09,55.04,NA,NA,NA,NA,NA,NA,NA,NA,NA
"45",2022-01-11,4.76,5.6,1.71,36.01,26.3,8.33,13.43,41.1,55.04,NA,NA,NA,NA,NA,NA,NA,NA,NA
"46",2022-01-10,4.76,5.59,1.71,36.01,26.3,8.33,13.42,41.1,55.02,36.9,26.7,13.6,8.3,6.1,4.4,1.6,56.6,41
"47",2022-01-09,5.1,5.23,1.78,35.98,25.99,8.62,13.17,41.49,54.38,NA,NA,NA,NA,NA,NA,NA,NA,NA
"48",2022-01-08,5.1,5.23,1.78,35.98,25.99,8.62,13.17,41.49,54.38,NA,NA,NA,NA,NA,NA,NA,NA,NA
"49",2022-01-07,5.1,5.22,1.78,35.99,25.99,8.62,13.17,41.49,54.38,NA,NA,NA,NA,NA,NA,NA,NA,NA
"50",2022-01-06,5.1,5.22,1.78,35.99,25.99,8.62,13.17,41.49,54.38,NA,NA,NA,NA,NA,NA,NA,NA,NA
"51",2022-01-05,5.1,5.22,1.78,35.99,25.99,8.62,13.17,41.49,54.38,NA,NA,NA,NA,NA,NA,NA,NA,NA
"52",2022-01-04,5.1,5.21,1.78,35.99,25.99,8.62,13.17,41.49,54.37,NA,NA,NA,NA,NA,NA,NA,NA,NA
"53",2022-01-03,5.1,5.21,1.78,36,25.99,8.62,13.17,41.49,54.38,NA,NA,NA,NA,NA,NA,NA,NA,NA
"54",2022-01-02,5.1,5.21,1.78,36,26,8.62,13.17,41.5,54.38,NA,NA,NA,NA,NA,NA,NA,NA,NA
"55",2022-01-01,5.1,5.21,1.78,36,26,8.62,13.16,41.5,54.37,NA,NA,NA,NA,NA,NA,NA,NA,NA
"56",2021-12-31,5.1,5.2,1.78,36.01,26,8.62,13.16,41.5,54.37,NA,NA,NA,NA,NA,NA,NA,NA,NA
"57",2021-12-30,5.1,5.2,1.78,36.01,26,8.62,13.16,41.5,54.37,NA,NA,NA,NA,NA,NA,NA,NA,NA
"58",2021-12-29,5.1,5.2,1.78,36.01,26,8.63,13.16,41.51,54.37,NA,NA,NA,NA,NA,NA,NA,NA,NA
"59",2021-12-28,5.1,5.2,1.78,36.01,26,8.63,13.16,41.51,54.37,NA,NA,NA,NA,NA,NA,NA,NA,NA
"60",2021-12-27,5.1,5.2,1.78,36.02,26,8.63,13.16,41.51,54.38,NA,NA,NA,NA,NA,NA,NA,NA,NA
"61",2021-12-26,5.1,5.19,1.78,36.02,26,8.63,13.16,41.51,54.37,NA,NA,NA,NA,NA,NA,NA,NA,NA
"62",2021-12-25,5.1,5.19,1.78,36.02,26,8.63,13.16,41.51,54.37,NA,NA,NA,NA,NA,NA,NA,NA,NA
"63",2021-12-24,5.1,5.19,1.78,36.02,26,8.63,13.16,41.51,54.37,NA,NA,NA,NA,NA,NA,NA,NA,NA
"64",2021-12-23,5.1,5.19,1.78,36.03,26,8.63,13.16,41.51,54.38,NA,NA,NA,NA,NA,NA,NA,NA,NA
"65",2021-12-22,5.1,5.18,1.78,36.03,26,8.63,13.16,41.51,54.37,NA,NA,NA,NA,NA,NA,NA,NA,NA
"66",2021-12-21,5.1,5.18,1.78,36.03,26,8.63,13.16,41.51,54.37,NA,NA,NA,NA,NA,NA,NA,NA,NA
"67",2021-12-20,5.1,5.18,1.78,36.03,26,8.63,13.16,41.51,54.37,NA,NA,NA,NA,NA,NA,NA,NA,NA
"68",2021-12-19,5.1,5.18,1.78,36.04,26,8.63,13.16,41.51,54.38,NA,NA,NA,NA,NA,NA,NA,NA,NA
"69",2021-12-18,5.1,5.17,1.78,36.04,26,8.64,13.16,41.52,54.37,NA,NA,NA,NA,NA,NA,NA,NA,NA
"70",2021-12-17,5.1,5.17,1.78,36.04,26,8.64,13.16,41.52,54.37,NA,NA,NA,NA,NA,NA,NA,NA,NA
"71",2021-12-16,5.1,5.17,1.78,36.04,26,8.64,13.16,41.52,54.37,NA,NA,NA,NA,NA,NA,NA,NA,NA
"72",2021-12-15,5.1,5.17,1.78,36.05,26,8.64,13.16,41.52,54.38,NA,NA,NA,NA,NA,NA,NA,NA,NA
"73",2021-12-14,5.1,5.16,1.78,36.05,26,8.64,13.15,41.52,54.36,NA,NA,NA,NA,NA,NA,NA,NA,NA
"74",2021-12-13,5.1,5.16,1.78,36.05,26,8.64,13.15,41.52,54.36,35.1,25.1,10.9,10.7,5.5,4.4,2.6,51.5,42.8
"75",2021-12-12,4.35,7.31,1.22,33.17,26.96,9.69,14.11,42.22,54.59,NA,NA,NA,NA,NA,NA,NA,NA,NA
"76",2021-12-11,4.35,7.31,1.22,33.17,26.96,9.69,14.11,42.22,54.59,NA,NA,NA,NA,NA,NA,NA,NA,NA
"77",2021-12-10,4.35,7.31,1.22,33.18,26.96,9.7,14.11,42.23,54.6,NA,NA,NA,NA,NA,NA,NA,NA,NA
"78",2021-12-09,4.35,7.31,1.22,33.18,26.96,9.7,14.11,42.23,54.6,NA,NA,NA,NA,NA,NA,NA,NA,NA
"79",2021-12-08,4.35,7.3,1.22,33.18,26.96,9.7,14.11,42.23,54.59,NA,NA,NA,NA,NA,NA,NA,NA,NA
"80",2021-12-07,4.35,7.3,1.22,33.18,26.96,9.7,14.11,42.23,54.59,NA,NA,NA,NA,NA,NA,NA,NA,NA
"81",2021-12-06,4.35,7.3,1.22,33.19,26.96,9.7,14.11,42.23,54.6,36.4,26.2,15,6.8,4.9,6,1.1,56.3,40.1
"82",2021-12-05,4.22,7.53,NA,32.84,27,9.94,14.08,41.16,54.45,NA,NA,NA,NA,NA,NA,NA,NA,NA
"83",2021-12-04,4.22,7.52,NA,32.84,27,9.94,14.08,41.16,54.44,NA,NA,NA,NA,NA,NA,NA,NA,NA
"84",2021-12-03,4.22,7.52,NA,32.84,27,9.94,14.08,41.16,54.44,NA,NA,NA,NA,NA,NA,NA,NA,NA
"85",2021-12-02,4.22,7.52,NA,32.84,27.01,9.94,14.07,41.17,54.43,NA,NA,NA,NA,NA,NA,NA,NA,NA
"86",2021-12-01,4.22,7.52,NA,32.85,27.01,9.95,14.07,41.18,54.44,NA,NA,NA,NA,NA,NA,NA,NA,NA
"87",2021-11-30,4.22,7.52,NA,32.85,27.01,9.95,14.07,41.18,54.44,NA,NA,NA,NA,NA,NA,NA,NA,NA
"88",2021-11-29,4.22,7.51,NA,32.85,27.01,9.95,14.07,41.18,54.43,NA,NA,NA,NA,NA,NA,NA,NA,NA
"89",2021-11-28,4.22,7.51,NA,32.85,27.01,9.95,14.07,41.18,54.43,NA,NA,NA,NA,NA,NA,NA,NA,NA
"90",2021-11-27,4.22,7.51,NA,32.85,27.01,9.95,14.07,41.18,54.43,NA,NA,NA,NA,NA,NA,NA,NA,NA
"91",2021-11-26,4.22,7.51,NA,32.86,27.01,9.95,14.07,41.18,54.44,NA,NA,NA,NA,NA,NA,NA,NA,NA
"92",2021-11-25,4.22,7.51,NA,32.86,27.01,9.95,14.07,41.18,54.44,NA,NA,NA,NA,NA,NA,NA,NA,NA
"93",2021-11-24,4.22,7.5,NA,32.86,27.01,9.95,14.07,41.18,54.43,NA,NA,NA,NA,NA,NA,NA,NA,NA
"94",2021-11-23,4.22,7.5,NA,32.86,27.01,9.95,14.07,41.18,54.43,NA,NA,NA,NA,NA,NA,NA,NA,NA
"95",2021-11-22,4.22,7.5,NA,32.86,27.01,9.95,14.07,41.18,54.43,NA,NA,NA,NA,NA,NA,NA,NA,NA
"96",2021-11-21,4.22,7.5,NA,32.87,27.01,9.95,14.07,41.18,54.44,NA,NA,NA,NA,NA,NA,NA,NA,NA
"97",2021-11-20,4.22,7.5,NA,32.87,27.01,9.96,14.07,41.19,54.44,NA,NA,NA,NA,NA,NA,NA,NA,NA
"98",2021-11-19,4.22,7.49,NA,32.87,27.01,9.96,14.07,41.19,54.43,NA,NA,NA,NA,NA,NA,NA,NA,NA
"99",2021-11-18,4.22,7.49,NA,32.87,27.01,9.96,14.07,41.19,54.43,NA,NA,NA,NA,NA,NA,NA,NA,NA
"100",2021-11-17,4.22,7.49,NA,32.87,27.01,9.96,14.07,41.19,54.43,NA,NA,NA,NA,NA,NA,NA,NA,NA
"101",2021-11-16,4.22,7.49,NA,32.87,27.01,9.96,14.07,41.19,54.43,NA,NA,NA,NA,NA,NA,NA,NA,NA
"102",2021-11-15,4.22,7.49,NA,32.88,27.01,9.96,14.07,41.19,54.44,NA,NA,NA,NA,NA,NA,NA,NA,NA
"103",2021-11-14,4.22,7.49,NA,32.88,27.01,9.96,14.06,41.19,54.43,NA,NA,NA,NA,NA,NA,NA,NA,NA
"104",2021-11-13,4.22,7.49,NA,32.88,27.01,9.96,14.06,41.19,54.43,NA,NA,NA,NA,NA,NA,NA,NA,NA
"105",2021-11-12,4.22,7.48,NA,32.88,27.01,9.96,14.06,41.19,54.42,34.9,27.2,14.7,11.2,5.1,3.4,NA,54.7,41.8
"106",2021-11-11,4.26,7.62,NA,32.81,27.01,9.91,14.02,41.18,54.45,NA,NA,NA,NA,NA,NA,NA,NA,NA
"107",2021-11-10,4.26,7.62,NA,32.81,27.01,9.91,14.02,41.18,54.45,NA,NA,NA,NA,NA,NA,NA,NA,NA
"108",2021-11-09,4.26,7.62,NA,32.82,27.01,9.91,14.02,41.18,54.46,NA,NA,NA,NA,NA,NA,NA,NA,NA
"109",2021-11-08,4.26,7.62,NA,32.82,27.01,9.91,14.02,41.18,54.46,NA,NA,NA,NA,NA,NA,NA,NA,NA
"110",2021-11-07,4.26,7.62,NA,32.82,27.01,9.91,14.02,41.18,54.46,NA,NA,NA,NA,NA,NA,NA,NA,NA
"111",2021-11-06,4.26,7.61,NA,32.82,27.01,9.91,14.02,41.18,54.45,NA,NA,NA,NA,NA,NA,NA,NA,NA
"112",2021-11-05,4.26,7.61,NA,32.82,27.01,9.91,14.02,41.18,54.45,NA,NA,NA,NA,NA,NA,NA,NA,NA
"113",2021-11-04,4.26,7.61,NA,32.82,27.01,9.92,14.02,41.19,54.45,NA,NA,NA,NA,NA,NA,NA,NA,NA
"114",2021-11-03,4.26,7.61,NA,32.83,27.01,9.92,14.02,41.19,54.46,NA,NA,NA,NA,NA,NA,NA,NA,NA
"115",2021-11-02,4.26,7.61,NA,32.83,27.01,9.92,14.02,41.19,54.46,NA,NA,NA,NA,NA,NA,NA,NA,NA
"116",2021-11-01,4.26,7.61,NA,32.83,27.01,9.92,14.02,41.19,54.46,NA,NA,NA,NA,NA,NA,NA,NA,NA
"117",2021-10-31,4.26,7.61,NA,32.83,27.01,9.92,14.02,41.19,54.46,NA,NA,NA,NA,NA,NA,NA,NA,NA
"118",2021-10-30,4.26,7.61,NA,32.83,27.02,9.92,14.01,41.2,54.45,NA,NA,NA,NA,NA,NA,NA,NA,NA
"119",2021-10-29,4.26,7.6,NA,32.83,27.02,9.92,14.01,41.2,54.44,NA,NA,NA,NA,NA,NA,NA,NA,NA
"120",2021-10-28,4.26,7.6,NA,32.83,27.02,9.92,14.01,41.2,54.44,NA,NA,NA,NA,NA,NA,NA,NA,NA
"121",2021-10-27,4.26,7.6,NA,32.83,27.02,9.92,14.01,41.2,54.44,NA,NA,NA,NA,NA,NA,NA,NA,NA
"122",2021-10-26,4.26,7.6,NA,32.83,27.02,9.92,14.01,41.2,54.44,NA,NA,NA,NA,NA,NA,NA,NA,NA
"123",2021-10-25,4.26,7.6,NA,32.84,27.02,9.92,14.01,41.2,54.45,NA,NA,NA,NA,NA,NA,NA,NA,NA
"124",2021-10-24,4.26,7.6,NA,32.84,27.02,9.93,14.01,41.21,54.45,NA,NA,NA,NA,NA,NA,NA,NA,NA
"125",2021-10-23,4.26,7.6,NA,32.84,27.02,9.93,14.01,41.21,54.45,NA,NA,NA,NA,NA,NA,NA,NA,NA
"126",2021-10-22,4.26,7.6,NA,32.84,27.02,9.93,14.01,41.21,54.45,NA,NA,NA,NA,NA,NA,NA,NA,NA
"127",2021-10-21,4.26,7.6,NA,32.84,27.02,9.93,14.01,41.21,54.45,NA,NA,NA,NA,NA,NA,NA,NA,NA
"128",2021-10-20,4.26,7.6,NA,32.84,27.02,9.93,14.01,41.21,54.45,NA,NA,NA,NA,NA,NA,NA,NA,NA
"129",2021-10-19,4.26,7.59,NA,32.84,27.02,9.93,14.01,41.21,54.44,NA,NA,NA,NA,NA,NA,NA,NA,NA
"130",2021-10-18,4.26,7.59,NA,32.84,27.02,9.93,14.01,41.21,54.44,NA,NA,NA,NA,NA,NA,NA,NA,NA
"131",2021-10-17,4.26,7.59,NA,32.84,27.02,9.93,14.01,41.21,54.44,NA,NA,NA,NA,NA,NA,NA,NA,NA
"132",2021-10-16,4.26,7.59,NA,32.84,27.02,9.93,14.01,41.21,54.44,NA,NA,NA,NA,NA,NA,NA,NA,NA
"133",2021-10-15,4.26,7.59,NA,32.85,27.02,9.93,14.01,41.21,54.45,NA,NA,NA,NA,NA,NA,NA,NA,NA
"134",2021-10-14,4.26,7.59,NA,32.85,27.02,9.93,14.01,41.21,54.45,NA,NA,NA,NA,NA,NA,NA,NA,NA
"135",2021-10-13,4.26,7.59,NA,32.85,27.02,9.94,14,41.22,54.44,NA,NA,NA,NA,NA,NA,NA,NA,NA
"136",2021-10-12,4.26,7.59,NA,32.85,27.02,9.94,14,41.22,54.44,NA,NA,NA,NA,NA,NA,NA,NA,NA
"137",2021-10-11,4.26,7.59,NA,32.85,27.02,9.94,14,41.22,54.44,NA,NA,NA,NA,NA,NA,NA,NA,NA
"138",2021-10-10,4.26,7.59,NA,32.85,27.02,9.94,14,41.22,54.44,NA,NA,NA,NA,NA,NA,NA,NA,NA
"139",2021-10-09,4.26,7.59,NA,32.85,27.02,9.94,14,41.22,54.44,NA,NA,NA,NA,NA,NA,NA,NA,NA
"140",2021-10-08,4.26,7.59,NA,32.85,27.02,9.94,14,41.22,54.44,NA,NA,NA,NA,NA,NA,NA,NA,NA
"141",2021-10-07,4.26,7.59,NA,32.85,27.03,9.94,14,41.23,54.44,NA,NA,NA,NA,NA,NA,NA,NA,NA
"142",2021-10-06,4.26,7.59,NA,32.85,27.03,9.94,14,41.23,54.44,NA,NA,NA,NA,NA,NA,NA,NA,NA
"143",2021-10-05,4.26,7.59,NA,32.85,27.03,9.94,14,41.23,54.44,NA,NA,NA,NA,NA,NA,NA,NA,NA
"144",2021-10-04,4.26,7.59,NA,32.85,27.03,9.94,14,41.23,54.44,NA,NA,NA,NA,NA,NA,NA,NA,NA
"145",2021-10-03,4.26,7.59,NA,32.85,27.03,9.94,14,41.23,54.44,NA,NA,NA,NA,NA,NA,NA,NA,NA
"146",2021-10-02,4.26,7.59,NA,32.85,27.03,9.95,14,41.24,54.44,NA,NA,NA,NA,NA,NA,NA,NA,NA
"147",2021-10-01,4.26,7.59,NA,32.85,27.03,9.95,14,41.24,54.44,NA,NA,NA,NA,NA,NA,NA,NA,NA
"148",2021-09-30,4.26,7.59,NA,32.85,27.03,9.95,14,41.24,54.44,38.3,23.1,12.8,11,8.3,2.9,NA,59.4,37
"149",2021-09-29,4.34,7.59,NA,32.46,27.28,9.89,14.06,41.51,54.11,NA,NA,NA,NA,NA,NA,NA,NA,NA
"150",2021-09-28,4.34,7.59,NA,32.46,27.28,9.9,14.06,41.52,54.11,NA,NA,NA,NA,NA,NA,NA,NA,NA
"151",2021-09-27,4.34,7.59,NA,32.46,27.28,9.9,14.06,41.52,54.11,NA,NA,NA,NA,NA,NA,NA,NA,NA
"152",2021-09-26,4.34,7.59,NA,32.46,27.28,9.9,14.06,41.52,54.11,NA,NA,NA,NA,NA,NA,NA,NA,NA
"153",2021-09-25,4.34,7.59,NA,32.46,27.28,9.9,14.06,41.52,54.11,NA,NA,NA,NA,NA,NA,NA,NA,NA
"154",2021-09-24,4.34,7.59,NA,32.46,27.28,9.9,14.06,41.52,54.11,NA,NA,NA,NA,NA,NA,NA,NA,NA
"155",2021-09-23,4.34,7.59,NA,32.46,27.28,9.9,14.06,41.52,54.11,NA,NA,NA,NA,NA,NA,NA,NA,NA
"156",2021-09-22,4.34,7.59,NA,32.46,27.29,9.9,14.06,41.53,54.11,NA,NA,NA,NA,NA,NA,NA,NA,NA
"157",2021-09-21,4.34,7.59,NA,32.46,27.29,9.9,14.06,41.53,54.11,NA,NA,NA,NA,NA,NA,NA,NA,NA
"158",2021-09-20,4.34,7.59,NA,32.46,27.29,9.9,14.06,41.53,54.11,NA,NA,NA,NA,NA,NA,NA,NA,NA
"159",2021-09-19,4.34,7.59,NA,32.46,27.29,9.9,14.06,41.53,54.11,NA,NA,NA,NA,NA,NA,NA,NA,NA
"160",2021-09-18,4.34,7.59,NA,32.45,27.29,9.9,14.06,41.53,54.1,NA,NA,NA,NA,NA,NA,NA,NA,NA
"161",2021-09-17,4.34,7.59,NA,32.45,27.29,9.91,14.06,41.54,54.1,NA,NA,NA,NA,NA,NA,NA,NA,NA
"162",2021-09-16,4.34,7.59,NA,32.45,27.29,9.91,14.05,41.54,54.09,NA,NA,NA,NA,NA,NA,NA,NA,NA
"163",2021-09-15,4.34,7.59,NA,32.45,27.29,9.91,14.05,41.54,54.09,NA,NA,NA,NA,NA,NA,NA,NA,NA
"164",2021-09-14,4.34,7.59,NA,32.45,27.29,9.91,14.05,41.54,54.09,NA,NA,NA,NA,NA,NA,NA,NA,NA
"165",2021-09-13,4.34,7.59,NA,32.45,27.29,9.91,14.05,41.54,54.09,NA,NA,NA,NA,NA,NA,NA,NA,NA
"166",2021-09-12,4.34,7.59,NA,32.45,27.29,9.91,14.05,41.54,54.09,NA,NA,NA,NA,NA,NA,NA,NA,NA
"167",2021-09-11,4.34,7.59,NA,32.45,27.29,9.91,14.05,41.54,54.09,NA,NA,NA,NA,NA,NA,NA,NA,NA
"168",2021-09-10,4.34,7.59,NA,32.45,27.29,9.91,14.05,41.54,54.09,NA,NA,NA,NA,NA,NA,NA,NA,NA
"169",2021-09-09,4.34,7.59,NA,32.45,27.29,9.91,14.05,41.54,54.09,NA,NA,NA,NA,NA,NA,NA,NA,NA
"170",2021-09-08,4.34,7.59,NA,32.45,27.29,9.91,14.05,41.54,54.09,NA,NA,NA,NA,NA,NA,NA,NA,NA
"171",2021-09-07,4.34,7.59,NA,32.45,27.29,9.91,14.05,41.54,54.09,NA,NA,NA,NA,NA,NA,NA,NA,NA
"172",2021-09-06,4.34,7.59,NA,32.45,27.29,9.92,14.05,41.55,54.09,NA,NA,NA,NA,NA,NA,NA,NA,NA
"173",2021-09-05,4.34,7.59,NA,32.45,27.29,9.92,14.05,41.55,54.09,NA,NA,NA,NA,NA,NA,NA,NA,NA
"174",2021-09-04,4.34,7.6,NA,32.45,27.29,9.92,14.05,41.55,54.1,NA,NA,NA,NA,NA,NA,NA,NA,NA
"175",2021-09-03,4.34,7.6,NA,32.45,27.29,9.92,14.05,41.55,54.1,NA,NA,NA,NA,NA,NA,NA,NA,NA
"176",2021-09-02,4.34,7.6,NA,32.45,27.29,9.92,14.05,41.55,54.1,NA,NA,NA,NA,NA,NA,NA,NA,NA
"177",2021-09-01,4.34,7.6,NA,32.44,27.29,9.92,14.05,41.55,54.09,NA,NA,NA,NA,NA,NA,NA,NA,NA
"178",2021-08-31,4.34,7.6,NA,32.44,27.29,9.92,14.04,41.55,54.08,NA,NA,NA,NA,NA,NA,NA,NA,NA
"179",2021-08-30,4.34,7.6,NA,32.44,27.3,9.92,14.04,41.56,54.08,NA,NA,NA,NA,NA,NA,NA,NA,NA
"180",2021-08-29,4.34,7.6,NA,32.44,27.3,9.92,14.04,41.56,54.08,NA,NA,NA,NA,NA,NA,NA,NA,NA
"181",2021-08-28,4.34,7.6,NA,32.44,27.3,9.92,14.04,41.56,54.08,NA,NA,NA,NA,NA,NA,NA,NA,NA
"182",2021-08-27,4.34,7.6,NA,32.44,27.3,9.92,14.04,41.56,54.08,NA,NA,NA,NA,NA,NA,NA,NA,NA
"183",2021-08-26,4.34,7.6,NA,32.44,27.3,9.93,14.04,41.57,54.08,NA,NA,NA,NA,NA,NA,NA,NA,NA
"184",2021-08-25,4.34,7.61,NA,32.44,27.3,9.93,14.04,41.57,54.09,NA,NA,NA,NA,NA,NA,NA,NA,NA
"185",2021-08-24,4.34,7.61,NA,32.44,27.3,9.93,14.04,41.57,54.09,NA,NA,NA,NA,NA,NA,NA,NA,NA
"186",2021-08-23,4.34,7.61,NA,32.43,27.3,9.93,14.04,41.57,54.08,NA,NA,NA,NA,NA,NA,NA,NA,NA
"187",2021-08-22,4.34,7.61,NA,32.43,27.3,9.93,14.04,41.57,54.08,NA,NA,NA,NA,NA,NA,NA,NA,NA
"188",2021-08-21,4.34,7.61,NA,32.43,27.3,9.93,14.04,41.57,54.08,NA,NA,NA,NA,NA,NA,NA,NA,NA
"189",2021-08-20,4.34,7.61,NA,32.43,27.3,9.93,14.04,41.57,54.08,NA,NA,NA,NA,NA,NA,NA,NA,NA
"190",2021-08-19,4.34,7.61,NA,32.43,27.3,9.93,14.04,41.57,54.08,NA,NA,NA,NA,NA,NA,NA,NA,NA
"191",2021-08-18,4.34,7.62,NA,32.43,27.3,9.93,14.04,41.57,54.09,NA,NA,NA,NA,NA,NA,NA,NA,NA
"192",2021-08-17,4.34,7.62,NA,32.43,27.3,9.93,14.04,41.57,54.09,NA,NA,NA,NA,NA,NA,NA,NA,NA
"193",2021-08-16,4.34,7.62,NA,32.42,27.3,9.94,14.04,41.58,54.08,NA,NA,NA,NA,NA,NA,NA,NA,NA
"194",2021-08-15,4.34,7.62,NA,32.42,27.3,9.94,14.03,41.58,54.07,NA,NA,NA,NA,NA,NA,NA,NA,NA
"195",2021-08-14,4.34,7.62,NA,32.42,27.3,9.94,14.03,41.58,54.07,NA,NA,NA,NA,NA,NA,NA,NA,NA
"196",2021-08-13,4.34,7.62,NA,32.42,27.3,9.94,14.03,41.58,54.07,NA,NA,NA,NA,NA,NA,NA,NA,NA
"197",2021-08-12,4.34,7.63,NA,32.42,27.3,9.94,14.03,41.58,54.08,NA,NA,NA,NA,NA,NA,NA,NA,NA
"198",2021-08-11,4.34,7.63,NA,32.42,27.3,9.94,14.03,41.58,54.08,NA,NA,NA,NA,NA,NA,NA,NA,NA
"199",2021-08-10,4.34,7.63,NA,32.41,27.3,9.94,14.03,41.58,54.07,NA,NA,NA,NA,NA,NA,NA,NA,NA
"200",2021-08-09,4.34,7.63,NA,32.41,27.3,9.94,14.03,41.58,54.07,NA,NA,NA,NA,NA,NA,NA,NA,NA
"201",2021-08-08,4.34,7.63,NA,32.41,27.3,9.94,14.03,41.58,54.07,NA,NA,NA,NA,NA,NA,NA,NA,NA
"202",2021-08-07,4.34,7.64,NA,32.41,27.31,9.94,14.03,41.59,54.08,NA,NA,NA,NA,NA,NA,NA,NA,NA
"203",2021-08-06,4.34,7.64,NA,32.4,27.31,9.94,14.03,41.59,54.07,NA,NA,NA,NA,NA,NA,NA,NA,NA
"204",2021-08-05,4.34,7.64,NA,32.4,27.31,9.95,14.03,41.6,54.07,33.9,28.1,14.5,11.7,4.9,3.2,NA,53.3,43
"205",2021-08-04,4.39,7.78,NA,32.36,27.28,9.87,14,41.54,54.14,NA,NA,NA,NA,NA,NA,NA,NA,NA
"206",2021-08-03,4.39,7.78,NA,32.35,27.28,9.87,14,41.54,54.13,NA,NA,NA,NA,NA,NA,NA,NA,NA
"207",2021-08-02,4.39,7.78,NA,32.35,27.28,9.87,14,41.54,54.13,NA,NA,NA,NA,NA,NA,NA,NA,NA
"208",2021-08-01,4.39,7.79,NA,32.35,27.28,9.87,14,41.54,54.14,NA,NA,NA,NA,NA,NA,NA,NA,NA
"209",2021-07-31,4.39,7.79,NA,32.35,27.28,9.88,14,41.55,54.14,NA,NA,NA,NA,NA,NA,NA,NA,NA
"210",2021-07-30,4.39,7.79,NA,32.34,27.28,9.88,14,41.55,54.13,NA,NA,NA,NA,NA,NA,NA,NA,NA
"211",2021-07-29,4.39,7.79,NA,32.34,27.28,9.88,14,41.55,54.13,NA,NA,NA,NA,NA,NA,NA,NA,NA
"212",2021-07-28,4.39,7.8,NA,32.34,27.28,9.88,14,41.55,54.14,NA,NA,NA,NA,NA,NA,NA,NA,NA
"213",2021-07-27,4.39,7.8,NA,32.34,27.28,9.88,13.99,41.55,54.13,NA,NA,NA,NA,NA,NA,NA,NA,NA
"214",2021-07-26,4.39,7.8,NA,32.33,27.28,9.88,13.99,41.55,54.12,NA,NA,NA,NA,NA,NA,NA,NA,NA
"215",2021-07-25,4.39,7.8,NA,32.33,27.28,9.88,13.99,41.55,54.12,NA,NA,NA,NA,NA,NA,NA,NA,NA
"216",2021-07-24,4.39,7.81,NA,32.33,27.28,9.88,13.99,41.55,54.13,NA,NA,NA,NA,NA,NA,NA,NA,NA
"217",2021-07-23,4.39,7.81,NA,32.33,27.28,9.88,13.99,41.55,54.13,NA,NA,NA,NA,NA,NA,NA,NA,NA
"218",2021-07-22,4.39,7.81,NA,32.32,27.28,9.88,13.99,41.55,54.12,NA,NA,NA,NA,NA,NA,NA,NA,NA
"219",2021-07-21,4.39,7.81,NA,32.32,27.29,9.88,13.99,41.56,54.12,NA,NA,NA,NA,NA,NA,NA,NA,NA
"220",2021-07-20,4.39,7.82,NA,32.32,27.29,9.89,13.99,41.57,54.13,NA,NA,NA,NA,NA,NA,NA,NA,NA
"221",2021-07-19,4.39,7.82,NA,32.31,27.29,9.89,13.99,41.57,54.12,NA,NA,NA,NA,NA,NA,NA,NA,NA
"222",2021-07-18,4.39,7.82,NA,32.31,27.29,9.89,13.99,41.57,54.12,NA,NA,NA,NA,NA,NA,NA,NA,NA
"223",2021-07-17,4.39,7.83,NA,32.31,27.29,9.89,13.99,41.57,54.13,NA,NA,NA,NA,NA,NA,NA,NA,NA
"224",2021-07-16,4.39,7.83,NA,32.3,27.29,9.89,13.99,41.57,54.12,NA,NA,NA,NA,NA,NA,NA,NA,NA
"225",2021-07-15,4.39,7.83,NA,32.3,27.29,9.89,13.99,41.57,54.12,NA,NA,NA,NA,NA,NA,NA,NA,NA
"226",2021-07-14,4.39,7.83,NA,32.3,27.29,9.89,13.99,41.57,54.12,NA,NA,NA,NA,NA,NA,NA,NA,NA
"227",2021-07-13,4.39,7.84,NA,32.29,27.29,9.89,13.98,41.57,54.11,NA,NA,NA,NA,NA,NA,NA,NA,NA
"228",2021-07-12,4.39,7.84,NA,32.29,27.29,9.89,13.98,41.57,54.11,NA,NA,NA,NA,NA,NA,NA,NA,NA
"229",2021-07-11,4.39,7.84,NA,32.29,27.29,9.89,13.98,41.57,54.11,NA,NA,NA,NA,NA,NA,NA,NA,NA
"230",2021-07-10,4.39,7.85,NA,32.28,27.29,9.9,13.98,41.58,54.11,NA,NA,NA,NA,NA,NA,NA,NA,NA
"231",2021-07-09,4.39,7.85,NA,32.28,27.29,9.9,13.98,41.58,54.11,NA,NA,NA,NA,NA,NA,NA,NA,NA
"232",2021-07-08,4.39,7.85,NA,32.28,27.29,9.9,13.98,41.58,54.11,NA,NA,NA,NA,NA,NA,NA,NA,NA
"233",2021-07-07,4.39,7.86,NA,32.27,27.29,9.9,13.98,41.58,54.11,NA,NA,NA,NA,NA,NA,NA,NA,NA
"234",2021-07-06,4.39,7.86,NA,32.27,27.29,9.9,13.98,41.58,54.11,NA,NA,NA,NA,NA,NA,NA,NA,NA
"235",2021-07-05,4.39,7.86,NA,32.27,27.29,9.9,13.98,41.58,54.11,NA,NA,NA,NA,NA,NA,NA,NA,NA
"236",2021-07-04,4.39,7.87,NA,32.26,27.29,9.9,13.98,41.58,54.11,NA,NA,NA,NA,NA,NA,NA,NA,NA
"237",2021-07-03,4.39,7.87,NA,32.26,27.29,9.9,13.98,41.58,54.11,NA,NA,NA,NA,NA,NA,NA,NA,NA
"238",2021-07-02,4.39,7.87,NA,32.25,27.29,9.9,13.98,41.58,54.1,NA,NA,NA,NA,NA,NA,NA,NA,NA
"239",2021-07-01,4.39,7.88,NA,32.25,27.29,9.9,13.98,41.58,54.11,NA,NA,NA,NA,NA,NA,NA,NA,NA
"240",2021-06-30,4.39,7.88,NA,32.25,27.29,9.9,13.98,41.58,54.11,NA,NA,NA,NA,NA,NA,NA,NA,NA
"241",2021-06-29,4.39,7.89,NA,32.24,27.3,9.91,13.97,41.6,54.1,36.1,27.6,14.7,8.1,4.5,5.1,NA,55.3,40.8
"242",2021-06-28,4.36,8.05,NA,32.06,27.29,9.98,13.94,41.63,54.05,NA,NA,NA,NA,NA,NA,NA,NA,NA
"243",2021-06-27,4.36,8.05,NA,32.05,27.29,9.98,13.94,41.63,54.04,NA,NA,NA,NA,NA,NA,NA,NA,NA
"244",2021-06-26,4.36,8.06,NA,32.05,27.29,9.98,13.94,41.63,54.05,NA,NA,NA,NA,NA,NA,NA,NA,NA
"245",2021-06-25,4.36,8.06,NA,32.04,27.29,9.98,13.94,41.63,54.04,NA,NA,NA,NA,NA,NA,NA,NA,NA
"246",2021-06-24,4.36,8.06,NA,32.04,27.29,9.99,13.94,41.64,54.04,37.9,23.3,11.4,9.2,8.7,3.6,NA,58,36.1
"247",2021-06-23,4.4,8.07,NA,31.64,27.53,10.04,14.08,41.97,53.79,NA,NA,NA,NA,NA,NA,NA,NA,NA
"248",2021-06-22,4.4,8.07,NA,31.64,27.53,10.04,14.08,41.97,53.79,NA,NA,NA,NA,NA,NA,NA,NA,NA
"249",2021-06-21,4.4,8.08,NA,31.63,27.53,10.04,14.08,41.97,53.79,NA,NA,NA,NA,NA,NA,NA,NA,NA
"250",2021-06-20,4.4,8.08,NA,31.63,27.53,10.04,14.08,41.97,53.79,NA,NA,NA,NA,NA,NA,NA,NA,NA
"251",2021-06-19,4.4,8.08,NA,31.62,27.53,10.04,14.08,41.97,53.78,NA,NA,NA,NA,NA,NA,NA,NA,NA
"252",2021-06-18,4.4,8.09,NA,31.62,27.53,10.04,14.08,41.97,53.79,NA,NA,NA,NA,NA,NA,NA,NA,NA
"253",2021-06-17,4.4,8.09,NA,31.61,27.53,10.05,14.08,41.98,53.78,NA,NA,NA,NA,NA,NA,NA,NA,NA
"254",2021-06-16,4.4,8.1,NA,31.61,27.53,10.05,14.08,41.98,53.79,NA,NA,NA,NA,NA,NA,NA,NA,NA
"255",2021-06-15,4.4,8.1,NA,31.6,27.53,10.05,14.08,41.98,53.78,NA,NA,NA,NA,NA,NA,NA,NA,NA
"256",2021-06-14,4.4,8.11,NA,31.6,27.53,10.05,14.08,41.98,53.79,NA,NA,NA,NA,NA,NA,NA,NA,NA
"257",2021-06-13,4.4,8.11,NA,31.59,27.53,10.05,14.08,41.98,53.78,NA,NA,NA,NA,NA,NA,NA,NA,NA
"258",2021-06-12,4.4,8.11,NA,31.59,27.53,10.05,14.07,41.98,53.77,NA,NA,NA,NA,NA,NA,NA,NA,NA
"259",2021-06-11,4.4,8.12,NA,31.58,27.53,10.05,14.07,41.98,53.77,NA,NA,NA,NA,NA,NA,NA,NA,NA
"260",2021-06-10,4.4,8.12,NA,31.58,27.53,10.05,14.07,41.98,53.77,NA,NA,NA,NA,NA,NA,NA,NA,NA
"261",2021-06-09,4.4,8.13,NA,31.57,27.53,10.05,14.07,41.98,53.77,36.7,26.1,14.8,7.6,4.2,5.5,NA,55.7,39.2
"262",2021-06-08,4.33,8.43,NA,31.22,27.64,10.25,14.04,42.22,53.69,NA,NA,NA,NA,NA,NA,NA,NA,NA
"263",2021-06-07,4.33,8.43,NA,31.21,27.64,10.25,14.03,42.22,53.67,NA,NA,NA,NA,NA,NA,NA,NA,NA
"264",2021-06-06,4.33,8.44,NA,31.21,27.64,10.25,14.03,42.22,53.68,NA,NA,NA,NA,NA,NA,NA,NA,NA
"265",2021-06-05,4.33,8.44,NA,31.2,27.64,10.25,14.03,42.22,53.67,NA,NA,NA,NA,NA,NA,NA,NA,NA
"266",2021-06-04,4.33,8.45,NA,31.2,27.64,10.25,14.03,42.22,53.68,NA,NA,NA,NA,NA,NA,NA,NA,NA
"267",2021-06-03,4.33,8.45,NA,31.19,27.65,10.25,14.03,42.23,53.67,38.1,25.8,15.5,6.4,3.4,5.1,NA,57,37.3
"268",2021-06-02,4.29,8.73,NA,30.81,27.74,10.45,13.96,42.48,53.5,NA,NA,NA,NA,NA,NA,NA,NA,NA
"269",2021-06-01,4.29,8.74,NA,30.8,27.74,10.45,13.96,42.48,53.5,NA,NA,NA,NA,NA,NA,NA,NA,NA
"270",2021-05-31,4.29,8.74,NA,30.8,27.74,10.45,13.95,42.48,53.49,NA,NA,NA,NA,NA,NA,NA,NA,NA
"271",2021-05-30,4.29,8.75,NA,30.79,27.74,10.45,13.95,42.48,53.49,31.8,30.3,15.1,12.6,5.1,2.7,NA,52,45.6
"272",2021-05-29,4.36,8.95,NA,30.76,27.64,10.36,13.89,42.36,53.6,NA,NA,NA,NA,NA,NA,NA,NA,NA
"273",2021-05-28,4.36,8.95,NA,30.75,27.64,10.36,13.89,42.36,53.59,NA,NA,NA,NA,NA,NA,NA,NA,NA
"274",2021-05-27,4.36,8.96,NA,30.75,27.64,10.36,13.89,42.36,53.6,NA,NA,NA,NA,NA,NA,NA,NA,NA
"275",2021-05-26,4.36,8.96,NA,30.74,27.64,10.36,13.89,42.36,53.59,NA,NA,NA,NA,NA,NA,NA,NA,NA
"276",2021-05-25,4.36,8.97,NA,30.73,27.64,10.36,13.89,42.36,53.59,NA,NA,NA,NA,NA,NA,NA,NA,NA
"277",2021-05-24,4.36,8.97,NA,30.73,27.64,10.36,13.89,42.36,53.59,NA,NA,NA,NA,NA,NA,NA,NA,NA
"278",2021-05-23,4.36,8.98,NA,30.72,27.64,10.36,13.89,42.36,53.59,NA,NA,NA,NA,NA,NA,NA,NA,NA
"279",2021-05-22,4.36,8.98,NA,30.72,27.64,10.36,13.89,42.36,53.59,NA,NA,NA,NA,NA,NA,NA,NA,NA
"280",2021-05-21,4.36,8.99,NA,30.71,27.64,10.37,13.89,42.37,53.59,NA,NA,NA,NA,NA,NA,NA,NA,NA
"281",2021-05-20,4.36,8.99,NA,30.7,27.64,10.37,13.89,42.37,53.58,NA,NA,NA,NA,NA,NA,NA,NA,NA
"282",2021-05-19,4.36,9,NA,30.7,27.64,10.37,13.89,42.37,53.59,NA,NA,NA,NA,NA,NA,NA,NA,NA
"283",2021-05-18,4.36,9,NA,30.69,27.64,10.37,13.88,42.37,53.57,NA,NA,NA,NA,NA,NA,NA,NA,NA
"284",2021-05-17,4.36,9.01,NA,30.68,27.64,10.37,13.88,42.37,53.57,NA,NA,NA,NA,NA,NA,NA,NA,NA
"285",2021-05-16,4.36,9.01,NA,30.68,27.64,10.37,13.88,42.37,53.57,NA,NA,NA,NA,NA,NA,NA,NA,NA
"286",2021-05-15,4.36,9.02,NA,30.67,27.64,10.37,13.88,42.37,53.57,NA,NA,NA,NA,NA,NA,NA,NA,NA
"287",2021-05-14,4.36,9.03,NA,30.66,27.65,10.37,13.88,42.38,53.57,35.3,28.5,14.2,9.5,5.2,5.5,NA,54.7,43.5
"288",2021-05-14,4.36,9.03,NA,30.66,27.65,10.37,13.88,42.38,53.57,30.2,30.7,14.1,13.7,6.8,2.5,NA,51.1,46.9
"289",2021-05-13,4.38,9.43,NA,30.38,27.46,10.27,13.84,42.11,53.65,NA,NA,NA,NA,NA,NA,NA,NA,NA
"290",2021-05-12,4.38,9.44,NA,30.38,27.46,10.27,13.84,42.11,53.66,NA,NA,NA,NA,NA,NA,NA,NA,NA
"291",2021-05-11,4.38,9.44,NA,30.37,27.46,10.27,13.84,42.11,53.65,NA,NA,NA,NA,NA,NA,NA,NA,NA
"292",2021-05-10,4.38,9.45,NA,30.36,27.46,10.27,13.84,42.11,53.65,NA,NA,NA,NA,NA,NA,NA,NA,NA
"293",2021-05-09,4.38,9.45,NA,30.36,27.46,10.27,13.83,42.11,53.64,NA,NA,NA,NA,NA,NA,NA,NA,NA
"294",2021-05-08,4.38,9.46,NA,30.35,27.46,10.27,13.83,42.11,53.64,NA,NA,NA,NA,NA,NA,NA,NA,NA
"295",2021-05-07,4.38,9.46,NA,30.34,27.46,10.27,13.83,42.11,53.63,NA,NA,NA,NA,NA,NA,NA,NA,NA
"296",2021-05-06,4.38,9.47,NA,30.34,27.47,10.27,13.83,42.12,53.64,NA,NA,NA,NA,NA,NA,NA,NA,NA
"297",2021-05-05,4.38,9.48,NA,30.33,27.47,10.28,13.83,42.13,53.64,NA,NA,NA,NA,NA,NA,NA,NA,NA
"298",2021-05-04,4.38,9.48,NA,30.32,27.47,10.28,13.83,42.13,53.63,NA,NA,NA,NA,NA,NA,NA,NA,NA
"299",2021-05-03,4.38,9.49,NA,30.32,27.47,10.28,13.83,42.13,53.64,NA,NA,NA,NA,NA,NA,NA,NA,NA
"300",2021-05-02,4.38,9.49,NA,30.31,27.47,10.28,13.83,42.13,53.63,NA,NA,NA,NA,NA,NA,NA,NA,NA
"301",2021-05-01,4.38,9.5,NA,30.3,27.47,10.28,13.83,42.13,53.63,NA,NA,NA,NA,NA,NA,NA,NA,NA
"302",2021-04-30,4.38,9.51,NA,30.29,27.47,10.28,13.83,42.13,53.63,NA,NA,NA,NA,NA,NA,NA,NA,NA
"303",2021-04-29,4.38,9.51,NA,30.29,27.47,10.28,13.83,42.13,53.63,NA,NA,NA,NA,NA,NA,NA,NA,NA
"304",2021-04-28,4.38,9.52,NA,30.28,27.47,10.28,13.83,42.13,53.63,NA,NA,NA,NA,NA,NA,NA,NA,NA
"305",2021-04-27,4.38,9.52,NA,30.27,27.47,10.28,13.82,42.13,53.61,NA,NA,NA,NA,NA,NA,NA,NA,NA
"306",2021-04-26,4.38,9.53,NA,30.27,27.47,10.28,13.82,42.13,53.62,NA,NA,NA,NA,NA,NA,NA,NA,NA
"307",2021-04-25,4.38,9.54,NA,30.26,27.47,10.28,13.82,42.13,53.62,NA,NA,NA,NA,NA,NA,NA,NA,NA
"308",2021-04-24,4.38,9.54,NA,30.25,27.47,10.29,13.82,42.14,53.61,NA,NA,NA,NA,NA,NA,NA,NA,NA
"309",2021-04-23,4.38,9.55,NA,30.24,27.47,10.29,13.82,42.14,53.61,NA,NA,NA,NA,NA,NA,NA,NA,NA
"310",2021-04-22,4.38,9.55,NA,30.24,27.47,10.29,13.82,42.14,53.61,NA,NA,NA,NA,NA,NA,NA,NA,NA
"311",2021-04-21,4.38,9.56,NA,30.23,27.47,10.29,13.82,42.14,53.61,NA,NA,NA,NA,NA,NA,NA,NA,NA
"312",2021-04-20,4.38,9.57,NA,30.22,27.47,10.29,13.82,42.14,53.61,NA,NA,NA,NA,NA,NA,NA,NA,NA
"313",2021-04-19,4.38,9.57,NA,30.22,27.47,10.29,13.82,42.14,53.61,NA,NA,NA,NA,NA,NA,NA,NA,NA
"314",2021-04-18,4.38,9.58,NA,30.21,27.47,10.29,13.82,42.14,53.61,NA,NA,NA,NA,NA,NA,NA,NA,NA
"315",2021-04-17,4.38,9.58,NA,30.2,27.47,10.29,13.82,42.14,53.6,NA,NA,NA,NA,NA,NA,NA,NA,NA
"316",2021-04-16,4.38,9.59,NA,30.19,27.47,10.29,13.81,42.14,53.59,NA,NA,NA,NA,NA,NA,NA,NA,NA
"317",2021-04-15,4.38,9.6,NA,30.19,27.47,10.29,13.81,42.14,53.6,NA,NA,NA,NA,NA,NA,NA,NA,NA
"318",2021-04-14,4.38,9.6,NA,30.18,27.47,10.29,13.81,42.14,53.59,NA,NA,NA,NA,NA,NA,NA,NA,NA
"319",2021-04-13,4.38,9.61,NA,30.17,27.48,10.3,13.81,42.16,53.59,NA,NA,NA,NA,NA,NA,NA,NA,NA
"320",2021-04-12,4.38,9.61,NA,30.16,27.48,10.3,13.81,42.16,53.58,NA,NA,NA,NA,NA,NA,NA,NA,NA
"321",2021-04-11,4.38,9.62,NA,30.16,27.48,10.3,13.81,42.16,53.59,NA,NA,NA,NA,NA,NA,NA,NA,NA
"322",2021-04-10,4.38,9.63,NA,30.15,27.48,10.3,13.81,42.16,53.59,NA,NA,NA,NA,NA,NA,NA,NA,NA
"323",2021-04-09,4.38,9.63,NA,30.14,27.48,10.3,13.81,42.16,53.58,NA,NA,NA,NA,NA,NA,NA,NA,NA
"324",2021-04-08,4.38,9.64,NA,30.13,27.48,10.3,13.81,42.16,53.58,NA,NA,NA,NA,NA,NA,NA,NA,NA
"325",2021-04-07,4.38,9.65,NA,30.13,27.48,10.3,13.81,42.16,53.59,NA,NA,NA,NA,NA,NA,NA,NA,NA
"326",2021-04-06,4.38,9.65,NA,30.12,27.48,10.3,13.81,42.16,53.58,NA,NA,NA,NA,NA,NA,NA,NA,NA
"327",2021-04-05,4.38,9.66,NA,30.11,27.48,10.3,13.8,42.16,53.57,NA,NA,NA,NA,NA,NA,NA,NA,NA
"328",2021-04-04,4.38,9.66,NA,30.1,27.48,10.3,13.8,42.16,53.56,NA,NA,NA,NA,NA,NA,NA,NA,NA
"329",2021-04-03,4.38,9.67,NA,30.09,27.48,10.31,13.8,42.17,53.56,NA,NA,NA,NA,NA,NA,NA,NA,NA
"330",2021-04-02,4.38,9.68,NA,30.09,27.48,10.31,13.8,42.17,53.57,NA,NA,NA,NA,NA,NA,NA,NA,NA
"331",2021-04-01,4.38,9.68,NA,30.08,27.48,10.31,13.8,42.17,53.56,NA,NA,NA,NA,NA,NA,NA,NA,NA
"332",2021-03-31,4.38,9.69,NA,30.07,27.48,10.31,13.8,42.17,53.56,NA,NA,NA,NA,NA,NA,NA,NA,NA
"333",2021-03-30,4.38,9.7,NA,30.06,27.48,10.31,13.8,42.17,53.56,NA,NA,NA,NA,NA,NA,NA,NA,NA
"334",2021-03-29,4.38,9.7,NA,30.06,27.48,10.31,13.8,42.17,53.56,NA,NA,NA,NA,NA,NA,NA,NA,NA
"335",2021-03-28,4.38,9.71,NA,30.05,27.48,10.31,13.8,42.17,53.56,NA,NA,NA,NA,NA,NA,NA,NA,NA
"336",2021-03-27,4.38,9.71,NA,30.04,27.48,10.31,13.8,42.17,53.55,NA,NA,NA,NA,NA,NA,NA,NA,NA
"337",2021-03-26,4.38,9.72,NA,30.03,27.48,10.31,13.79,42.17,53.54,NA,NA,NA,NA,NA,NA,NA,NA,NA
"338",2021-03-25,4.38,9.73,NA,30.03,27.48,10.31,13.79,42.17,53.55,31.2,23.5,18.1,10.6,8.1,3.5,NA,57.4,37.6
"339",2021-03-24,4.46,9.92,NA,29.87,27.84,10.3,13.41,42.6,53.2,NA,NA,NA,NA,NA,NA,NA,NA,NA
"340",2021-03-23,4.46,9.92,NA,29.86,27.84,10.3,13.41,42.6,53.19,NA,NA,NA,NA,NA,NA,NA,NA,NA
"341",2021-03-22,4.46,9.93,NA,29.86,27.84,10.3,13.41,42.6,53.2,NA,NA,NA,NA,NA,NA,NA,NA,NA
"342",2021-03-21,4.46,9.93,NA,29.85,27.84,10.3,13.41,42.6,53.19,NA,NA,NA,NA,NA,NA,NA,NA,NA
"343",2021-03-20,4.46,9.94,NA,29.84,27.84,10.3,13.41,42.6,53.19,NA,NA,NA,NA,NA,NA,NA,NA,NA
"344",2021-03-19,4.46,9.95,NA,29.83,27.84,10.3,13.4,42.6,53.18,NA,NA,NA,NA,NA,NA,NA,NA,NA
"345",2021-03-18,4.46,9.95,NA,29.82,27.84,10.3,13.4,42.6,53.17,37.6,27.1,14.1,7.7,5.6,3.9,NA,57.3,38.7
"346",2021-03-17,4.55,10.64,NA,28.74,28.07,10.54,13.29,43.16,52.67,NA,NA,NA,NA,NA,NA,NA,NA,NA
"347",2021-03-16,4.55,10.65,NA,28.74,28.07,10.54,13.29,43.16,52.68,NA,NA,NA,NA,NA,NA,NA,NA,NA
"348",2021-03-15,4.55,10.66,NA,28.73,28.08,10.54,13.29,43.17,52.68,NA,NA,NA,NA,NA,NA,NA,NA,NA
"349",2021-03-14,4.55,10.66,NA,28.72,28.08,10.54,13.29,43.17,52.67,NA,NA,NA,NA,NA,NA,NA,NA,NA
"350",2021-03-13,4.55,10.67,NA,28.71,28.08,10.54,13.28,43.17,52.66,NA,NA,NA,NA,NA,NA,NA,NA,NA
"351",2021-03-12,4.55,10.67,NA,28.7,28.08,10.54,13.28,43.17,52.65,NA,NA,NA,NA,NA,NA,NA,NA,NA
"352",2021-03-11,4.55,10.68,NA,28.7,28.08,10.55,13.28,43.18,52.66,NA,NA,NA,NA,NA,NA,NA,NA,NA
"353",2021-03-10,4.55,10.69,NA,28.69,28.08,10.55,13.28,43.18,52.66,NA,NA,NA,NA,NA,NA,NA,NA,NA
"354",2021-03-09,4.55,10.69,NA,28.68,28.08,10.55,13.28,43.18,52.65,NA,NA,NA,NA,NA,NA,NA,NA,NA
"355",2021-03-08,4.55,10.7,NA,28.67,28.08,10.55,13.28,43.18,52.65,NA,NA,NA,NA,NA,NA,NA,NA,NA
"356",2021-03-07,4.55,10.71,NA,28.67,28.08,10.55,13.28,43.18,52.66,NA,NA,NA,NA,NA,NA,NA,NA,NA
"357",2021-03-06,4.55,10.71,NA,28.66,28.08,10.55,13.28,43.18,52.65,NA,NA,NA,NA,NA,NA,NA,NA,NA
"358",2021-03-05,4.55,10.72,NA,28.65,28.08,10.55,13.28,43.18,52.65,NA,NA,NA,NA,NA,NA,NA,NA,NA
"359",2021-03-04,4.55,10.73,NA,28.64,28.08,10.55,13.28,43.18,52.65,NA,NA,NA,NA,NA,NA,NA,NA,NA
"360",2021-03-03,4.55,10.73,NA,28.64,28.08,10.55,13.27,43.18,52.64,NA,NA,NA,NA,NA,NA,NA,NA,NA
"361",2021-03-02,4.55,10.74,NA,28.63,28.08,10.55,13.27,43.18,52.64,NA,NA,NA,NA,NA,NA,NA,NA,NA
"362",2021-03-01,4.55,10.74,NA,28.62,28.08,10.55,13.27,43.18,52.63,NA,NA,NA,NA,NA,NA,NA,NA,NA
"363",2021-02-28,4.55,10.75,NA,28.61,28.08,10.56,13.27,43.19,52.63,NA,NA,NA,NA,NA,NA,NA,NA,NA
"364",2021-02-27,4.55,10.76,NA,28.6,28.08,10.56,13.27,43.19,52.63,NA,NA,NA,NA,NA,NA,NA,NA,NA
"365",2021-02-26,4.55,10.76,NA,28.6,28.08,10.56,13.27,43.19,52.63,29.3,29.6,13.5,10.6,10.9,4.7,NA,53.7,44.9
"366",2021-02-25,4.54,10.79,NA,28.52,28.01,10.56,13.25,43.11,52.56,NA,NA,NA,NA,NA,NA,NA,NA,NA
"367",2021-02-24,4.54,10.8,NA,28.51,28.01,10.56,13.25,43.11,52.56,28.5,32.3,15.7,8.8,7,3.3,NA,51.2,44.4
"368",2021-02-23,4.65,11.14,NA,28.45,27.68,10.71,13.04,43.04,52.63,NA,NA,NA,NA,NA,NA,NA,NA,NA
"369",2021-02-22,4.65,11.15,NA,28.45,27.68,10.71,13.04,43.04,52.64,NA,NA,NA,NA,NA,NA,NA,NA,NA
"370",2021-02-21,4.65,11.15,NA,28.44,27.68,10.72,13.04,43.05,52.63,NA,NA,NA,NA,NA,NA,NA,NA,NA
"371",2021-02-20,4.65,11.16,NA,28.43,27.68,10.72,13.03,43.05,52.62,NA,NA,NA,NA,NA,NA,NA,NA,NA
"372",2021-02-19,4.65,11.17,NA,28.42,27.68,10.72,13.03,43.05,52.62,NA,NA,NA,NA,NA,NA,NA,NA,NA
"373",2021-02-18,4.65,11.17,NA,28.42,27.68,10.72,13.03,43.05,52.62,NA,NA,NA,NA,NA,NA,NA,NA,NA
"374",2021-02-17,4.65,11.18,NA,28.41,27.68,10.72,13.03,43.05,52.62,NA,NA,NA,NA,NA,NA,NA,NA,NA
"375",2021-02-16,4.65,11.19,NA,28.4,27.68,10.72,13.03,43.05,52.62,NA,NA,NA,NA,NA,NA,NA,NA,NA
"376",2021-02-15,4.65,11.19,NA,28.39,27.68,10.72,13.03,43.05,52.61,NA,NA,NA,NA,NA,NA,NA,NA,NA
"377",2021-02-14,4.65,11.2,NA,28.39,27.68,10.72,13.03,43.05,52.62,NA,NA,NA,NA,NA,NA,NA,NA,NA
"378",2021-02-13,4.65,11.2,NA,28.38,27.68,10.72,13.03,43.05,52.61,NA,NA,NA,NA,NA,NA,NA,NA,NA
"379",2021-02-12,4.65,11.21,NA,28.37,27.68,10.72,13.03,43.05,52.61,NA,NA,NA,NA,NA,NA,NA,NA,NA
"380",2021-02-11,4.65,11.22,NA,28.37,27.68,10.72,13.02,43.05,52.61,NA,NA,NA,NA,NA,NA,NA,NA,NA
"381",2021-02-10,4.65,11.22,NA,28.36,27.68,10.73,13.02,43.06,52.6,NA,NA,NA,NA,NA,NA,NA,NA,NA
"382",2021-02-09,4.65,11.23,NA,28.35,27.69,10.73,13.02,43.07,52.6,NA,NA,NA,NA,NA,NA,NA,NA,NA
"383",2021-02-08,4.65,11.23,NA,28.34,27.69,10.73,13.02,43.07,52.59,NA,NA,NA,NA,NA,NA,NA,NA,NA
"384",2021-02-07,4.65,11.24,NA,28.34,27.69,10.73,13.02,43.07,52.6,NA,NA,NA,NA,NA,NA,NA,NA,NA
"385",2021-02-06,4.65,11.25,NA,28.33,27.69,10.73,13.02,43.07,52.6,NA,NA,NA,NA,NA,NA,NA,NA,NA
"386",2021-02-05,4.65,11.25,NA,28.32,27.69,10.73,13.02,43.07,52.59,NA,NA,NA,NA,NA,NA,NA,NA,NA
"387",2021-02-04,4.65,11.26,NA,28.32,27.69,10.73,13.02,43.07,52.6,NA,NA,NA,NA,NA,NA,NA,NA,NA
"388",2021-02-03,4.65,11.26,NA,28.31,27.69,10.73,13.01,43.07,52.58,NA,NA,NA,NA,NA,NA,NA,NA,NA
"389",2021-02-02,4.65,11.27,NA,28.3,27.69,10.73,13.01,43.07,52.58,NA,NA,NA,NA,NA,NA,NA,NA,NA
"390",2021-02-01,4.65,11.28,NA,28.29,27.69,10.73,13.01,43.07,52.58,NA,NA,NA,NA,NA,NA,NA,NA,NA
"391",2021-01-31,4.65,11.28,NA,28.29,27.69,10.74,13.01,43.08,52.58,NA,NA,NA,NA,NA,NA,NA,NA,NA
"392",2021-01-30,4.65,11.29,NA,28.28,27.69,10.74,13.01,43.08,52.58,NA,NA,NA,NA,NA,NA,NA,NA,NA
"393",2021-01-29,4.65,11.29,NA,28.27,27.69,10.74,13.01,43.08,52.57,NA,NA,NA,NA,NA,NA,NA,NA,NA
"394",2021-01-28,4.65,11.3,NA,28.27,27.69,10.74,13.01,43.08,52.58,NA,NA,NA,NA,NA,NA,NA,NA,NA
"395",2021-01-27,4.65,11.3,NA,28.26,27.69,10.74,13.01,43.08,52.57,NA,NA,NA,NA,NA,NA,NA,NA,NA
"396",2021-01-26,4.65,11.31,NA,28.25,27.69,10.74,13.01,43.08,52.57,NA,NA,NA,NA,NA,NA,NA,NA,NA
"397",2021-01-25,4.65,11.32,NA,28.25,27.69,10.74,13,43.08,52.57,NA,NA,NA,NA,NA,NA,NA,NA,NA
"398",2021-01-24,4.65,11.32,NA,28.24,27.69,10.74,13,43.08,52.56,NA,NA,NA,NA,NA,NA,NA,NA,NA
"399",2021-01-23,4.65,11.33,NA,28.23,27.69,10.74,13,43.08,52.56,NA,NA,NA,NA,NA,NA,NA,NA,NA
"400",2021-01-22,4.65,11.33,NA,28.23,27.69,10.74,13,43.08,52.56,NA,NA,NA,NA,NA,NA,NA,NA,NA
"401",2021-01-21,4.65,11.34,NA,28.22,27.69,10.74,13,43.08,52.56,NA,NA,NA,NA,NA,NA,NA,NA,NA
"402",2021-01-20,4.65,11.34,NA,28.22,27.69,10.75,13,43.09,52.56,NA,NA,NA,NA,NA,NA,NA,NA,NA
"403",2021-01-19,4.65,11.35,NA,28.21,27.69,10.75,13,43.09,52.56,NA,NA,NA,NA,NA,NA,NA,NA,NA
"404",2021-01-18,4.65,11.36,NA,28.2,27.7,10.75,13,43.1,52.56,NA,NA,NA,NA,NA,NA,NA,NA,NA
"405",2021-01-17,4.65,11.36,NA,28.2,27.7,10.75,12.99,43.1,52.55,NA,NA,NA,NA,NA,NA,NA,NA,NA
"406",2021-01-16,4.65,11.37,NA,28.19,27.7,10.75,12.99,43.1,52.55,NA,NA,NA,NA,NA,NA,NA,NA,NA
"407",2021-01-15,4.65,11.37,NA,28.18,27.7,10.75,12.99,43.1,52.54,NA,NA,NA,NA,NA,NA,NA,NA,NA
"408",2021-01-14,4.65,11.38,NA,28.18,27.7,10.75,12.99,43.1,52.55,NA,NA,NA,NA,NA,NA,NA,NA,NA
"409",2021-01-13,4.65,11.38,NA,28.17,27.7,10.75,12.99,43.1,52.54,26.3,25.2,15.9,10.9,10.4,4.2,NA,52.6,40.3
"410",2021-01-12,4.69,11.47,NA,28.27,27.87,10.75,12.78,43.31,52.52,NA,NA,NA,NA,NA,NA,NA,NA,NA
"411",2021-01-11,4.69,11.48,NA,28.26,27.87,10.75,12.78,43.31,52.52,NA,NA,NA,NA,NA,NA,NA,NA,NA
"412",2021-01-10,4.69,11.48,NA,28.26,27.87,10.75,12.78,43.31,52.52,NA,NA,NA,NA,NA,NA,NA,NA,NA
"413",2021-01-09,4.69,11.49,NA,28.25,27.87,10.75,12.78,43.31,52.52,NA,NA,NA,NA,NA,NA,NA,NA,NA
"414",2021-01-08,4.69,11.49,NA,28.25,27.87,10.75,12.78,43.31,52.52,NA,NA,NA,NA,NA,NA,NA,NA,NA
"415",2021-01-07,4.69,11.5,NA,28.24,27.87,10.76,12.78,43.32,52.52,NA,NA,NA,NA,NA,NA,NA,NA,NA
"416",2021-01-06,4.69,11.51,NA,28.23,27.87,10.76,12.78,43.32,52.52,NA,NA,NA,NA,NA,NA,NA,NA,NA
"417",2021-01-05,4.69,11.51,NA,28.23,27.87,10.76,12.78,43.32,52.52,NA,NA,NA,NA,NA,NA,NA,NA,NA
"418",2021-01-04,4.69,11.52,NA,28.22,27.87,10.76,12.77,43.32,52.51,NA,NA,NA,NA,NA,NA,NA,NA,NA
"419",2021-01-03,4.69,11.52,NA,28.22,27.87,10.76,12.77,43.32,52.51,NA,NA,NA,NA,NA,NA,NA,NA,NA
"420",2021-01-02,4.69,11.53,NA,28.21,27.87,10.76,12.77,43.32,52.51,NA,NA,NA,NA,NA,NA,NA,NA,NA
"421",2021-01-01,4.69,11.53,NA,28.21,27.87,10.76,12.77,43.32,52.51,NA,NA,NA,NA,NA,NA,NA,NA,NA
"422",2020-12-31,4.69,11.54,NA,28.2,27.87,10.76,12.77,43.32,52.51,NA,NA,NA,NA,NA,NA,NA,NA,NA
"423",2020-12-30,4.69,11.54,NA,28.2,27.87,10.76,12.77,43.32,52.51,NA,NA,NA,NA,NA,NA,NA,NA,NA
"424",2020-12-29,4.69,11.55,NA,28.19,27.87,10.76,12.77,43.32,52.51,NA,NA,NA,NA,NA,NA,NA,NA,NA
"425",2020-12-28,4.69,11.55,NA,28.19,27.87,10.76,12.76,43.32,52.5,NA,NA,NA,NA,NA,NA,NA,NA,NA
"426",2020-12-27,4.69,11.55,NA,28.18,27.88,10.77,12.76,43.34,52.49,NA,NA,NA,NA,NA,NA,NA,NA,NA
"427",2020-12-26,4.69,11.56,NA,28.18,27.88,10.77,12.76,43.34,52.5,NA,NA,NA,NA,NA,NA,NA,NA,NA
"428",2020-12-25,4.69,11.56,NA,28.17,27.88,10.77,12.76,43.34,52.49,NA,NA,NA,NA,NA,NA,NA,NA,NA
"429",2020-12-24,4.69,11.57,NA,28.17,27.88,10.77,12.76,43.34,52.5,NA,NA,NA,NA,NA,NA,NA,NA,NA
"430",2020-12-23,4.69,11.57,NA,28.16,27.88,10.77,12.76,43.34,52.49,NA,NA,NA,NA,NA,NA,NA,NA,NA
"431",2020-12-22,4.69,11.58,NA,28.16,27.88,10.77,12.76,43.34,52.5,NA,NA,NA,NA,NA,NA,NA,NA,NA
"432",2020-12-21,4.69,11.58,NA,28.15,27.88,10.77,12.76,43.34,52.49,NA,NA,NA,NA,NA,NA,NA,NA,NA
"433",2020-12-20,4.69,11.59,NA,28.15,27.88,10.77,12.75,43.34,52.49,NA,NA,NA,NA,NA,NA,NA,NA,NA
"434",2020-12-19,4.69,11.59,NA,28.14,27.88,10.77,12.75,43.34,52.48,NA,NA,NA,NA,NA,NA,NA,NA,NA
"435",2020-12-18,4.69,11.6,NA,28.14,27.88,10.77,12.75,43.34,52.49,NA,NA,NA,NA,NA,NA,NA,NA,NA
"436",2020-12-17,4.69,11.6,NA,28.13,27.88,10.78,12.75,43.35,52.48,NA,NA,NA,NA,NA,NA,NA,NA,NA
"437",2020-12-16,4.69,11.6,NA,28.13,27.88,10.78,12.75,43.35,52.48,NA,NA,NA,NA,NA,NA,NA,NA,NA
"438",2020-12-15,4.69,11.61,NA,28.13,27.88,10.78,12.75,43.35,52.49,NA,NA,NA,NA,NA,NA,NA,NA,NA
"439",2020-12-14,4.69,11.61,NA,28.12,27.88,10.78,12.75,43.35,52.48,25.3,31.4,11.9,11.8,13.2,2.4,NA,50.4,45.6
"440",2020-12-13,4.92,11.5,NA,28.45,27.66,10.68,12.78,43.26,52.73,NA,NA,NA,NA,NA,NA,NA,NA,NA
"441",2020-12-12,4.92,11.5,NA,28.44,27.66,10.68,12.78,43.26,52.72,NA,NA,NA,NA,NA,NA,NA,NA,NA
"442",2020-12-11,4.92,11.51,NA,28.44,27.66,10.68,12.78,43.26,52.73,NA,NA,NA,NA,NA,NA,NA,NA,NA
"443",2020-12-10,4.92,11.51,NA,28.43,27.66,10.68,12.78,43.26,52.72,NA,NA,NA,NA,NA,NA,NA,NA,NA
"444",2020-12-09,4.92,11.51,NA,28.43,27.66,10.68,12.78,43.26,52.72,NA,NA,NA,NA,NA,NA,NA,NA,NA
"445",2020-12-08,4.92,11.52,NA,28.43,27.66,10.69,12.77,43.27,52.72,NA,NA,NA,NA,NA,NA,NA,NA,NA
"446",2020-12-07,4.92,11.52,NA,28.42,27.66,10.69,12.77,43.27,52.71,NA,NA,NA,NA,NA,NA,NA,NA,NA
"447",2020-12-06,4.92,11.53,NA,28.42,27.66,10.69,12.77,43.27,52.72,NA,NA,NA,NA,NA,NA,NA,NA,NA
"448",2020-12-05,4.92,11.53,NA,28.42,27.66,10.69,12.77,43.27,52.72,NA,NA,NA,NA,NA,NA,NA,NA,NA
"449",2020-12-04,4.92,11.53,NA,28.41,27.66,10.69,12.77,43.27,52.71,NA,NA,NA,NA,NA,NA,NA,NA,NA
"450",2020-12-03,4.92,11.54,NA,28.41,27.66,10.69,12.77,43.27,52.72,26.6,23.5,15.7,10.3,12.2,4.8,NA,54.5,38.6
"451",2020-12-02,4.95,11.47,NA,28.64,28.21,10.75,12.37,43.91,52.48,25.9,28.9,12,11.3,12.7,4.8,NA,50.6,45
"452",2020-12-01,4.97,11.39,NA,28.94,28.17,10.69,12.37,43.83,52.7,25.5,28.3,13.2,12.5,11.5,3,NA,50.2,43.8
"453",2020-11-30,5.18,11.39,NA,29.28,28.08,10.55,12.28,43.81,52.95,NA,NA,NA,NA,NA,NA,NA,NA,NA
"454",2020-11-29,5.18,11.39,NA,29.27,28.08,10.55,12.28,43.81,52.94,NA,NA,NA,NA,NA,NA,NA,NA,NA
"455",2020-11-28,5.18,11.39,NA,29.27,28.08,10.55,12.28,43.81,52.94,NA,NA,NA,NA,NA,NA,NA,NA,NA
"456",2020-11-27,5.18,11.4,NA,29.27,28.08,10.55,12.28,43.81,52.95,28.1,25.6,12.5,9.8,11.8,6.1,NA,52.4,41.5
"457",2020-11-26,5.09,11.37,NA,29.4,28.34,10.62,12.23,44.05,53,28.7,26.9,14.1,5.6,10.6,9.8,NA,53.4,42.3
"458",2020-11-25,4.23,11.49,NA,29.53,28.58,11.36,11.92,44.17,52.94,NA,NA,NA,NA,NA,NA,NA,NA,NA
"459",2020-11-24,4.23,11.49,NA,29.53,28.58,11.36,11.92,44.17,52.94,NA,NA,NA,NA,NA,NA,NA,NA,NA
"460",2020-11-23,4.23,11.5,NA,29.53,28.58,11.36,11.92,44.17,52.95,NA,NA,NA,NA,NA,NA,NA,NA,NA
"461",2020-11-22,4.23,11.5,NA,29.53,28.58,11.36,11.92,44.17,52.95,NA,NA,NA,NA,NA,NA,NA,NA,NA
"462",2020-11-21,4.23,11.5,NA,29.52,28.58,11.37,11.92,44.18,52.94,NA,NA,NA,NA,NA,NA,NA,NA,NA
"463",2020-11-20,4.23,11.5,NA,29.52,28.58,11.37,11.92,44.18,52.94,NA,NA,NA,NA,NA,NA,NA,NA,NA
"464",2020-11-19,4.23,11.51,NA,29.52,28.58,11.37,11.91,44.18,52.94,NA,NA,NA,NA,NA,NA,NA,NA,NA
"465",2020-11-18,4.23,11.51,NA,29.52,28.58,11.37,11.91,44.18,52.94,NA,NA,NA,NA,NA,NA,NA,NA,NA
"466",2020-11-17,4.23,11.51,NA,29.51,28.58,11.37,11.91,44.18,52.93,NA,NA,NA,NA,NA,NA,NA,NA,NA
"467",2020-11-16,4.23,11.52,NA,29.51,28.58,11.37,11.91,44.18,52.94,NA,NA,NA,NA,NA,NA,NA,NA,NA
"468",2020-11-15,4.23,11.52,NA,29.51,28.58,11.37,11.91,44.18,52.94,NA,NA,NA,NA,NA,NA,NA,NA,NA
"469",2020-11-14,4.23,11.52,NA,29.51,28.58,11.37,11.91,44.18,52.94,NA,NA,NA,NA,NA,NA,NA,NA,NA
"470",2020-11-13,4.23,11.53,NA,29.51,28.58,11.37,11.9,44.18,52.94,31.1,30.4,11.1,10.8,11.6,4.1,NA,53.8,45.3
"471",2020-11-12,4.27,11.51,NA,29.08,28.06,11.63,12.07,43.96,52.66,NA,NA,NA,NA,NA,NA,NA,NA,NA
"472",2020-11-11,4.27,11.52,NA,29.08,28.06,11.63,12.07,43.96,52.67,NA,NA,NA,NA,NA,NA,NA,NA,NA
"473",2020-11-10,4.27,11.52,NA,29.07,28.06,11.63,12.07,43.96,52.66,NA,NA,NA,NA,NA,NA,NA,NA,NA
"474",2020-11-09,4.27,11.52,NA,29.07,28.06,11.63,12.06,43.96,52.65,NA,NA,NA,NA,NA,NA,NA,NA,NA
"475",2020-11-08,4.27,11.52,NA,29.07,28.06,11.63,12.06,43.96,52.65,NA,NA,NA,NA,NA,NA,NA,NA,NA
"476",2020-11-07,4.27,11.53,NA,29.07,28.06,11.63,12.06,43.96,52.66,NA,NA,NA,NA,NA,NA,NA,NA,NA
"477",2020-11-06,4.27,11.53,NA,29.07,28.06,11.64,12.06,43.97,52.66,NA,NA,NA,NA,NA,NA,NA,NA,NA
"478",2020-11-05,4.27,11.53,NA,29.07,28.06,11.64,12.06,43.97,52.66,NA,NA,NA,NA,NA,NA,NA,NA,NA
"479",2020-11-04,4.27,11.53,NA,29.07,28.06,11.64,12.06,43.97,52.66,NA,NA,NA,NA,NA,NA,NA,NA,NA
"480",2020-11-03,4.27,11.54,NA,29.06,28.06,11.64,12.06,43.97,52.66,NA,NA,NA,NA,NA,NA,NA,NA,NA
"481",2020-11-02,4.27,11.54,NA,29.06,28.06,11.64,12.05,43.97,52.65,NA,NA,NA,NA,NA,NA,NA,NA,NA
"482",2020-11-01,4.27,11.54,NA,29.06,28.06,11.64,12.05,43.97,52.65,NA,NA,NA,NA,NA,NA,NA,NA,NA
"483",2020-10-31,4.27,11.54,NA,29.06,28.06,11.64,12.05,43.97,52.65,NA,NA,NA,NA,NA,NA,NA,NA,NA
"484",2020-10-30,4.27,11.55,NA,29.06,28.06,11.64,12.05,43.97,52.66,NA,NA,NA,NA,NA,NA,NA,NA,NA
"485",2020-10-29,4.27,11.55,NA,29.06,28.06,11.64,12.05,43.97,52.66,NA,NA,NA,NA,NA,NA,NA,NA,NA
"486",2020-10-28,4.27,11.55,NA,29.06,28.06,11.64,12.05,43.97,52.66,NA,NA,NA,NA,NA,NA,NA,NA,NA
"487",2020-10-27,4.27,11.55,NA,29.06,28.07,11.65,12.04,43.99,52.65,NA,NA,NA,NA,NA,NA,NA,NA,NA
"488",2020-10-26,4.27,11.55,NA,29.06,28.07,11.65,12.04,43.99,52.65,NA,NA,NA,NA,NA,NA,NA,NA,NA
"489",2020-10-25,4.27,11.56,NA,29.05,28.07,11.65,12.04,43.99,52.65,NA,NA,NA,NA,NA,NA,NA,NA,NA
"490",2020-10-24,4.27,11.56,NA,29.05,28.07,11.65,12.04,43.99,52.65,NA,NA,NA,NA,NA,NA,NA,NA,NA
"491",2020-10-23,4.27,11.56,NA,29.05,28.07,11.65,12.04,43.99,52.65,NA,NA,NA,NA,NA,NA,NA,NA,NA
"492",2020-10-22,4.27,11.56,NA,29.05,28.07,11.65,12.04,43.99,52.65,NA,NA,NA,NA,NA,NA,NA,NA,NA
"493",2020-10-21,4.27,11.56,NA,29.05,28.07,11.65,12.03,43.99,52.64,NA,NA,NA,NA,NA,NA,NA,NA,NA
"494",2020-10-20,4.27,11.57,NA,29.05,28.07,11.65,12.03,43.99,52.65,NA,NA,NA,NA,NA,NA,NA,NA,NA
"495",2020-10-19,4.27,11.57,NA,29.05,28.07,11.65,12.03,43.99,52.65,NA,NA,NA,NA,NA,NA,NA,NA,NA
"496",2020-10-18,4.27,11.57,NA,29.05,28.07,11.65,12.03,43.99,52.65,NA,NA,NA,NA,NA,NA,NA,NA,NA
"497",2020-10-17,4.27,11.57,NA,29.05,28.07,11.65,12.03,43.99,52.65,NA,NA,NA,NA,NA,NA,NA,NA,NA
"498",2020-10-16,4.27,11.57,NA,29.05,28.07,11.66,12.03,44,52.65,NA,NA,NA,NA,NA,NA,NA,NA,NA
"499",2020-10-15,4.27,11.57,NA,29.05,28.07,11.66,12.03,44,52.65,NA,NA,NA,NA,NA,NA,NA,NA,NA
"500",2020-10-14,4.27,11.58,NA,29.05,28.07,11.66,12.02,44,52.65,NA,NA,NA,NA,NA,NA,NA,NA,NA
"501",2020-10-13,4.27,11.58,NA,29.05,28.07,11.66,12.02,44,52.65,NA,NA,NA,NA,NA,NA,NA,NA,NA
"502",2020-10-12,4.27,11.58,NA,29.05,28.07,11.66,12.02,44,52.65,NA,NA,NA,NA,NA,NA,NA,NA,NA
"503",2020-10-11,4.27,11.58,NA,29.05,28.07,11.66,12.02,44,52.65,NA,NA,NA,NA,NA,NA,NA,NA,NA
"504",2020-10-10,4.27,11.58,NA,29.05,28.07,11.66,12.02,44,52.65,NA,NA,NA,NA,NA,NA,NA,NA,NA
"505",2020-10-09,4.27,11.58,NA,29.05,28.07,11.66,12.02,44,52.65,NA,NA,NA,NA,NA,NA,NA,NA,NA
"506",2020-10-08,4.27,11.58,NA,29.05,28.07,11.66,12.01,44,52.64,NA,NA,NA,NA,NA,NA,NA,NA,NA
"507",2020-10-07,4.27,11.59,NA,29.05,28.07,11.66,12.01,44,52.65,NA,NA,NA,NA,NA,NA,NA,NA,NA
"508",2020-10-06,4.27,11.59,NA,29.05,28.07,11.66,12.01,44,52.65,NA,NA,NA,NA,NA,NA,NA,NA,NA
"509",2020-10-05,4.27,11.59,NA,29.05,28.07,11.67,12.01,44.01,52.65,NA,NA,NA,NA,NA,NA,NA,NA,NA
"510",2020-10-04,4.27,11.59,NA,29.05,28.08,11.67,12.01,44.02,52.65,NA,NA,NA,NA,NA,NA,NA,NA,NA
"511",2020-10-03,4.27,11.59,NA,29.05,28.08,11.67,12.01,44.02,52.65,NA,NA,NA,NA,NA,NA,NA,NA,NA
"512",2020-10-02,4.27,11.59,NA,29.05,28.08,11.67,12,44.02,52.64,NA,NA,NA,NA,NA,NA,NA,NA,NA
"513",2020-10-01,4.27,11.59,NA,29.05,28.08,11.67,12,44.02,52.64,NA,NA,NA,NA,NA,NA,NA,NA,NA
"514",2020-09-30,4.27,11.59,NA,29.05,28.08,11.67,12,44.02,52.64,NA,NA,NA,NA,NA,NA,NA,NA,NA
"515",2020-09-29,4.27,11.59,NA,29.05,28.08,11.67,12,44.02,52.64,NA,NA,NA,NA,NA,NA,NA,NA,NA
"516",2020-09-28,4.27,11.6,NA,29.05,28.08,11.67,12,44.02,52.65,NA,NA,NA,NA,NA,NA,NA,NA,NA
"517",2020-09-27,4.27,11.6,NA,29.05,28.08,11.67,12,44.02,52.65,NA,NA,NA,NA,NA,NA,NA,NA,NA
"518",2020-09-26,4.27,11.6,NA,29.05,28.08,11.67,11.99,44.02,52.64,NA,NA,NA,NA,NA,NA,NA,NA,NA
"519",2020-09-25,4.27,11.6,NA,29.05,28.08,11.67,11.99,44.02,52.64,30.2,26.4,13.3,10.8,11.9,4.2,NA,55.4,41.4
"520",2020-09-24,4.29,11.47,NA,28.73,28.71,12.06,11.46,45.06,51.66,NA,NA,NA,NA,NA,NA,NA,NA,NA
"521",2020-09-23,4.29,11.47,NA,28.73,28.72,12.06,11.45,45.07,51.65,NA,NA,NA,NA,NA,NA,NA,NA,NA
"522",2020-09-22,4.29,11.47,NA,28.73,28.72,12.07,11.45,45.08,51.65,NA,NA,NA,NA,NA,NA,NA,NA,NA
"523",2020-09-21,4.29,11.47,NA,28.73,28.72,12.07,11.45,45.08,51.65,NA,NA,NA,NA,NA,NA,NA,NA,NA
"524",2020-09-20,4.29,11.47,NA,28.73,28.72,12.07,11.45,45.08,51.65,NA,NA,NA,NA,NA,NA,NA,NA,NA
"525",2020-09-19,4.29,11.47,NA,28.73,28.72,12.07,11.45,45.08,51.65,NA,NA,NA,NA,NA,NA,NA,NA,NA
"526",2020-09-18,4.29,11.47,NA,28.73,28.72,12.07,11.45,45.08,51.65,NA,NA,NA,NA,NA,NA,NA,NA,NA
"527",2020-09-17,4.29,11.47,NA,28.74,28.72,12.07,11.44,45.08,51.65,NA,NA,NA,NA,NA,NA,NA,NA,NA
"528",2020-09-16,4.29,11.47,NA,28.74,28.72,12.07,11.44,45.08,51.65,NA,NA,NA,NA,NA,NA,NA,NA,NA
"529",2020-09-15,4.29,11.48,NA,28.74,28.72,12.07,11.44,45.08,51.66,NA,NA,NA,NA,NA,NA,NA,NA,NA
"530",2020-09-14,4.29,11.48,NA,28.74,28.72,12.07,11.44,45.08,51.66,NA,NA,NA,NA,NA,NA,NA,NA,NA
"531",2020-09-13,4.29,11.48,NA,28.74,28.72,12.07,11.44,45.08,51.66,NA,NA,NA,NA,NA,NA,NA,NA,NA
"532",2020-09-12,4.29,11.48,NA,28.74,28.72,12.07,11.44,45.08,51.66,NA,NA,NA,NA,NA,NA,NA,NA,NA
"533",2020-09-11,4.29,11.48,NA,28.74,28.72,12.08,11.43,45.09,51.65,NA,NA,NA,NA,NA,NA,NA,NA,NA
"534",2020-09-10,4.29,11.48,NA,28.74,28.72,12.08,11.43,45.09,51.65,NA,NA,NA,NA,NA,NA,NA,NA,NA
"535",2020-09-09,4.29,11.48,NA,28.74,28.72,12.08,11.43,45.09,51.65,NA,NA,NA,NA,NA,NA,NA,NA,NA
"536",2020-09-08,4.29,11.48,NA,28.74,28.72,12.08,11.43,45.09,51.65,NA,NA,NA,NA,NA,NA,NA,NA,NA
"537",2020-09-07,4.29,11.48,NA,28.75,28.72,12.08,11.43,45.09,51.66,NA,NA,NA,NA,NA,NA,NA,NA,NA
"538",2020-09-06,4.29,11.48,NA,28.75,28.72,12.08,11.42,45.09,51.65,NA,NA,NA,NA,NA,NA,NA,NA,NA
"539",2020-09-05,4.29,11.48,NA,28.75,28.72,12.08,11.42,45.09,51.65,NA,NA,NA,NA,NA,NA,NA,NA,NA
"540",2020-09-04,4.29,11.48,NA,28.75,28.72,12.08,11.42,45.09,51.65,NA,NA,NA,NA,NA,NA,NA,NA,NA
"541",2020-09-03,4.29,11.48,NA,28.75,28.72,12.08,11.42,45.09,51.65,NA,NA,NA,NA,NA,NA,NA,NA,NA
"542",2020-09-02,4.29,11.48,NA,28.75,28.72,12.08,11.42,45.09,51.65,NA,NA,NA,NA,NA,NA,NA,NA,NA
"543",2020-09-01,4.29,11.48,NA,28.75,28.72,12.09,11.42,45.1,51.65,NA,NA,NA,NA,NA,NA,NA,NA,NA
"544",2020-08-31,4.29,11.48,NA,28.76,28.73,12.09,11.41,45.11,51.65,NA,NA,NA,NA,NA,NA,NA,NA,NA
"545",2020-08-30,4.29,11.48,NA,28.76,28.73,12.09,11.41,45.11,51.65,NA,NA,NA,NA,NA,NA,NA,NA,NA
"546",2020-08-29,4.29,11.48,NA,28.76,28.73,12.09,11.41,45.11,51.65,NA,NA,NA,NA,NA,NA,NA,NA,NA
"547",2020-08-28,4.29,11.48,NA,28.76,28.73,12.09,11.41,45.11,51.65,NA,NA,NA,NA,NA,NA,NA,NA,NA
"548",2020-08-27,4.29,11.48,NA,28.76,28.73,12.09,11.41,45.11,51.65,NA,NA,NA,NA,NA,NA,NA,NA,NA
"549",2020-08-26,4.29,11.48,NA,28.76,28.73,12.09,11.41,45.11,51.65,NA,NA,NA,NA,NA,NA,NA,NA,NA
"550",2020-08-25,4.29,11.48,NA,28.76,28.73,12.09,11.4,45.11,51.64,NA,NA,NA,NA,NA,NA,NA,NA,NA
"551",2020-08-24,4.29,11.48,NA,28.77,28.73,12.09,11.4,45.11,51.65,NA,NA,NA,NA,NA,NA,NA,NA,NA
"552",2020-08-23,4.29,11.48,NA,28.77,28.73,12.09,11.4,45.11,51.65,NA,NA,NA,NA,NA,NA,NA,NA,NA
"553",2020-08-22,4.29,11.48,NA,28.77,28.73,12.09,11.4,45.11,51.65,NA,NA,NA,NA,NA,NA,NA,NA,NA
"554",2020-08-21,4.29,11.48,NA,28.77,28.73,12.1,11.4,45.12,51.65,NA,NA,NA,NA,NA,NA,NA,NA,NA
"555",2020-08-20,4.29,11.48,NA,28.77,28.73,12.1,11.4,45.12,51.65,NA,NA,NA,NA,NA,NA,NA,NA,NA
"556",2020-08-19,4.29,11.48,NA,28.77,28.73,12.1,11.39,45.12,51.64,NA,NA,NA,NA,NA,NA,NA,NA,NA
"557",2020-08-18,4.29,11.48,NA,28.78,28.73,12.1,11.39,45.12,51.65,NA,NA,NA,NA,NA,NA,NA,NA,NA
"558",2020-08-17,4.29,11.48,NA,28.78,28.73,12.1,11.39,45.12,51.65,NA,NA,NA,NA,NA,NA,NA,NA,NA
"559",2020-08-16,4.29,11.48,NA,28.78,28.73,12.1,11.39,45.12,51.65,NA,NA,NA,NA,NA,NA,NA,NA,NA
"560",2020-08-15,4.29,11.48,NA,28.78,28.73,12.1,11.39,45.12,51.65,NA,NA,NA,NA,NA,NA,NA,NA,NA
"561",2020-08-14,4.29,11.48,NA,28.78,28.73,12.1,11.38,45.12,51.64,NA,NA,NA,NA,NA,NA,NA,NA,NA
"562",2020-08-13,4.29,11.48,NA,28.78,28.73,12.1,11.38,45.12,51.64,NA,NA,NA,NA,NA,NA,NA,NA,NA
"563",2020-08-12,4.29,11.48,NA,28.79,28.73,12.1,11.38,45.12,51.65,NA,NA,NA,NA,NA,NA,NA,NA,NA
"564",2020-08-11,4.29,11.48,NA,28.79,28.73,12.1,11.38,45.12,51.65,NA,NA,NA,NA,NA,NA,NA,NA,NA
"565",2020-08-10,4.29,11.48,NA,28.79,28.73,12.11,11.38,45.13,51.65,NA,NA,NA,NA,NA,NA,NA,NA,NA
"566",2020-08-09,4.29,11.48,NA,28.79,28.73,12.11,11.38,45.13,51.65,NA,NA,NA,NA,NA,NA,NA,NA,NA
"567",2020-08-08,4.29,11.48,NA,28.79,28.73,12.11,11.37,45.13,51.64,NA,NA,NA,NA,NA,NA,NA,NA,NA
"568",2020-08-07,4.29,11.48,NA,28.8,28.74,12.11,11.37,45.14,51.65,NA,NA,NA,NA,NA,NA,NA,NA,NA
"569",2020-08-06,4.29,11.48,NA,28.8,28.74,12.11,11.37,45.14,51.65,NA,NA,NA,NA,NA,NA,NA,NA,NA
"570",2020-08-05,4.29,11.48,NA,28.8,28.74,12.11,11.37,45.14,51.65,NA,NA,NA,NA,NA,NA,NA,NA,NA
"571",2020-08-04,4.29,11.48,NA,28.8,28.74,12.11,11.37,45.14,51.65,NA,NA,NA,NA,NA,NA,NA,NA,NA
"572",2020-08-03,4.29,11.48,NA,28.8,28.74,12.11,11.37,45.14,51.65,NA,NA,NA,NA,NA,NA,NA,NA,NA
"573",2020-08-02,4.29,11.47,NA,28.8,28.74,12.11,11.36,45.14,51.63,NA,NA,NA,NA,NA,NA,NA,NA,NA
"574",2020-08-01,4.29,11.47,NA,28.81,28.74,12.11,11.36,45.14,51.64,NA,NA,NA,NA,NA,NA,NA,NA,NA
"575",2020-07-31,4.29,11.47,NA,28.81,28.74,12.11,11.36,45.14,51.64,NA,NA,NA,NA,NA,NA,NA,NA,NA
"576",2020-07-30,4.29,11.47,NA,28.81,28.74,12.12,11.36,45.15,51.64,NA,NA,NA,NA,NA,NA,NA,NA,NA
"577",2020-07-29,4.29,11.47,NA,28.81,28.74,12.12,11.36,45.15,51.64,NA,NA,NA,NA,NA,NA,NA,NA,NA
"578",2020-07-28,4.29,11.47,NA,28.81,28.74,12.12,11.35,45.15,51.63,NA,NA,NA,NA,NA,NA,NA,NA,NA
"579",2020-07-27,4.29,11.47,NA,28.82,28.74,12.12,11.35,45.15,51.64,NA,NA,NA,NA,NA,NA,NA,NA,NA
"580",2020-07-26,4.29,11.47,NA,28.82,28.74,12.12,11.35,45.15,51.64,NA,NA,NA,NA,NA,NA,NA,NA,NA
"581",2020-07-25,4.29,11.47,NA,28.82,28.74,12.12,11.35,45.15,51.64,NA,NA,NA,NA,NA,NA,NA,NA,NA
"582",2020-07-24,4.29,11.47,NA,28.82,28.74,12.12,11.35,45.15,51.64,NA,NA,NA,NA,NA,NA,NA,NA,NA
"583",2020-07-23,4.29,11.47,NA,28.82,28.74,12.12,11.35,45.15,51.64,NA,NA,NA,NA,NA,NA,NA,NA,NA
"584",2020-07-22,4.29,11.47,NA,28.83,28.74,12.12,11.34,45.15,51.64,NA,NA,NA,NA,NA,NA,NA,NA,NA
"585",2020-07-21,4.29,11.47,NA,28.83,28.74,12.12,11.34,45.15,51.64,NA,NA,NA,NA,NA,NA,NA,NA,NA
"586",2020-07-20,4.29,11.47,NA,28.83,28.74,12.12,11.34,45.15,51.64,NA,NA,NA,NA,NA,NA,NA,NA,NA
"587",2020-07-19,4.29,11.47,NA,28.83,28.74,12.13,11.34,45.16,51.64,NA,NA,NA,NA,NA,NA,NA,NA,NA
"588",2020-07-18,4.29,11.47,NA,28.83,28.74,12.13,11.34,45.16,51.64,NA,NA,NA,NA,NA,NA,NA,NA,NA
"589",2020-07-17,4.29,11.47,NA,28.84,28.74,12.13,11.33,45.16,51.64,NA,NA,NA,NA,NA,NA,NA,NA,NA
"590",2020-07-16,4.29,11.46,NA,28.84,28.74,12.13,11.33,45.16,51.63,NA,NA,NA,NA,NA,NA,NA,NA,NA
"591",2020-07-15,4.29,11.46,NA,28.84,28.75,12.13,11.33,45.17,51.63,NA,NA,NA,NA,NA,NA,NA,NA,NA
"592",2020-07-14,4.29,11.46,NA,28.84,28.75,12.13,11.33,45.17,51.63,NA,NA,NA,NA,NA,NA,NA,NA,NA
"593",2020-07-13,4.29,11.46,NA,28.85,28.75,12.13,11.33,45.17,51.64,NA,NA,NA,NA,NA,NA,NA,NA,NA
"594",2020-07-12,4.29,11.46,NA,28.85,28.75,12.13,11.33,45.17,51.64,NA,NA,NA,NA,NA,NA,NA,NA,NA
"595",2020-07-11,4.29,11.46,NA,28.85,28.75,12.13,11.32,45.17,51.63,NA,NA,NA,NA,NA,NA,NA,NA,NA
"596",2020-07-10,4.29,11.46,NA,28.85,28.75,12.13,11.32,45.17,51.63,NA,NA,NA,NA,NA,NA,NA,NA,NA
"597",2020-07-09,4.29,11.46,NA,28.85,28.75,12.14,11.32,45.18,51.63,NA,NA,NA,NA,NA,NA,NA,NA,NA
"598",2020-07-08,4.29,11.46,NA,28.86,28.75,12.14,11.32,45.18,51.64,NA,NA,NA,NA,NA,NA,NA,NA,NA
"599",2020-07-07,4.29,11.46,NA,28.86,28.75,12.14,11.32,45.18,51.64,NA,NA,NA,NA,NA,NA,NA,NA,NA
"600",2020-07-06,4.29,11.46,NA,28.86,28.75,12.14,11.31,45.18,51.63,NA,NA,NA,NA,NA,NA,NA,NA,NA
"601",2020-07-05,4.29,11.46,NA,28.86,28.75,12.14,11.31,45.18,51.63,NA,NA,NA,NA,NA,NA,NA,NA,NA
"602",2020-07-04,4.29,11.45,NA,28.86,28.75,12.14,11.31,45.18,51.62,26,31.1,10.9,16.6,11.2,NA,NA,48.1,47.7
"603",2020-07-03,4.29,11.5,NA,30.08,28.36,10.81,11.3,43.46,52.88,NA,NA,NA,NA,NA,NA,NA,NA,NA
"604",2020-07-02,4.29,11.5,NA,30.09,28.36,10.82,11.3,43.47,52.89,NA,NA,NA,NA,NA,NA,NA,NA,NA
"605",2020-07-01,4.29,11.5,NA,30.09,28.36,10.82,11.3,43.47,52.89,30.8,30.4,10.1,9.4,11.2,4,NA,52.1,43.8
"606",2020-06-30,4.65,11.69,NA,29.78,26.85,11.85,12.11,43.35,53.58,NA,NA,NA,NA,NA,NA,NA,NA,NA
"607",2020-06-29,4.65,11.69,NA,29.79,26.85,11.85,12.1,43.35,53.58,NA,NA,NA,NA,NA,NA,NA,NA,NA
"608",2020-06-28,4.65,11.68,NA,29.79,26.85,11.85,12.1,43.35,53.57,NA,NA,NA,NA,NA,NA,NA,NA,NA
"609",2020-06-27,4.65,11.68,NA,29.79,26.85,11.86,12.1,43.36,53.57,NA,NA,NA,NA,NA,NA,NA,NA,NA
"610",2020-06-26,4.65,11.68,NA,29.79,26.85,11.86,12.1,43.36,53.57,NA,NA,NA,NA,NA,NA,NA,NA,NA
"611",2020-06-25,4.65,11.68,NA,29.8,26.85,11.86,12.1,43.36,53.58,NA,NA,NA,NA,NA,NA,NA,NA,NA
"612",2020-06-24,4.65,11.68,NA,29.8,26.85,11.86,12.09,43.36,53.57,NA,NA,NA,NA,NA,NA,NA,NA,NA
"613",2020-06-23,4.65,11.68,NA,29.8,26.85,11.86,12.09,43.36,53.57,NA,NA,NA,NA,NA,NA,NA,NA,NA
"614",2020-06-22,4.65,11.68,NA,29.8,26.85,11.86,12.09,43.36,53.57,NA,NA,NA,NA,NA,NA,NA,NA,NA
"615",2020-06-21,4.65,11.68,NA,29.8,26.85,11.86,12.09,43.36,53.57,NA,NA,NA,NA,NA,NA,NA,NA,NA
"616",2020-06-20,4.65,11.68,NA,29.81,26.85,11.86,12.09,43.36,53.58,NA,NA,NA,NA,NA,NA,NA,NA,NA
"617",2020-06-19,4.65,11.68,NA,29.81,26.85,11.86,12.09,43.36,53.58,NA,NA,NA,NA,NA,NA,NA,NA,NA
"618",2020-06-18,4.65,11.68,NA,29.81,26.85,11.86,12.08,43.36,53.57,NA,NA,NA,NA,NA,NA,NA,NA,NA
"619",2020-06-17,4.65,11.67,NA,29.81,26.85,11.86,12.08,43.36,53.56,NA,NA,NA,NA,NA,NA,NA,NA,NA
"620",2020-06-16,4.65,11.67,NA,29.81,26.85,11.87,12.08,43.37,53.56,NA,NA,NA,NA,NA,NA,NA,NA,NA
"621",2020-06-15,4.65,11.67,NA,29.82,26.85,11.87,12.08,43.37,53.57,NA,NA,NA,NA,NA,NA,NA,NA,NA
"622",2020-06-14,4.65,11.67,NA,29.82,26.85,11.87,12.08,43.37,53.57,NA,NA,NA,NA,NA,NA,NA,NA,NA
"623",2020-06-13,4.65,11.67,NA,29.82,26.85,11.87,12.07,43.37,53.56,NA,NA,NA,NA,NA,NA,NA,NA,NA
"624",2020-06-12,4.65,11.67,NA,29.82,26.85,11.87,12.07,43.37,53.56,NA,NA,NA,NA,NA,NA,NA,NA,NA
"625",2020-06-11,4.65,11.67,NA,29.82,26.85,11.87,12.07,43.37,53.56,NA,NA,NA,NA,NA,NA,NA,NA,NA
"626",2020-06-10,4.65,11.67,NA,29.83,26.85,11.87,12.07,43.37,53.57,NA,NA,NA,NA,NA,NA,NA,NA,NA
"627",2020-06-09,4.65,11.67,NA,29.83,26.85,11.87,12.07,43.37,53.57,NA,NA,NA,NA,NA,NA,NA,NA,NA
"628",2020-06-08,4.65,11.67,NA,29.83,26.85,11.87,12.07,43.37,53.57,NA,NA,NA,NA,NA,NA,NA,NA,NA
"629",2020-06-07,4.65,11.66,NA,29.83,26.85,11.87,12.06,43.37,53.55,NA,NA,NA,NA,NA,NA,NA,NA,NA
"630",2020-06-06,4.65,11.66,NA,29.83,26.86,11.87,12.06,43.38,53.55,NA,NA,NA,NA,NA,NA,NA,NA,NA
"631",2020-06-05,4.65,11.66,NA,29.84,26.86,11.88,12.06,43.39,53.56,NA,NA,NA,NA,NA,NA,NA,NA,NA
"632",2020-06-04,4.65,11.66,NA,29.84,26.86,11.88,12.06,43.39,53.56,NA,NA,NA,NA,NA,NA,NA,NA,NA
"633",2020-06-03,4.65,11.66,NA,29.84,26.86,11.88,12.06,43.39,53.56,NA,NA,NA,NA,NA,NA,NA,NA,NA
"634",2020-06-02,4.65,11.66,NA,29.84,26.86,11.88,12.05,43.39,53.55,NA,NA,NA,NA,NA,NA,NA,NA,NA
"635",2020-06-01,4.65,11.66,NA,29.84,26.86,11.88,12.05,43.39,53.55,NA,NA,NA,NA,NA,NA,NA,NA,NA
"636",2020-05-31,4.65,11.66,NA,29.85,26.86,11.88,12.05,43.39,53.56,NA,NA,NA,NA,NA,NA,NA,NA,NA
"637",2020-05-30,4.65,11.66,NA,29.85,26.86,11.88,12.05,43.39,53.56,NA,NA,NA,NA,NA,NA,NA,NA,NA
"638",2020-05-29,4.65,11.65,NA,29.85,26.86,11.88,12.05,43.39,53.55,NA,NA,NA,NA,NA,NA,NA,NA,NA
"639",2020-05-28,4.65,11.65,NA,29.85,26.86,11.88,12.04,43.39,53.54,NA,NA,NA,NA,NA,NA,NA,NA,NA
"640",2020-05-27,4.65,11.65,NA,29.85,26.86,11.88,12.04,43.39,53.54,NA,NA,NA,NA,NA,NA,NA,NA,NA
"641",2020-05-26,4.65,11.65,NA,29.86,26.86,11.88,12.04,43.39,53.55,NA,NA,NA,NA,NA,NA,NA,NA,NA
"642",2020-05-25,4.65,11.65,NA,29.86,26.86,11.89,12.04,43.4,53.55,NA,NA,NA,NA,NA,NA,NA,NA,NA
"643",2020-05-24,4.65,11.65,NA,29.86,26.86,11.89,12.04,43.4,53.55,NA,NA,NA,NA,NA,NA,NA,NA,NA
"644",2020-05-23,4.65,11.65,NA,29.86,26.86,11.89,12.04,43.4,53.55,NA,NA,NA,NA,NA,NA,NA,NA,NA
"645",2020-05-22,4.65,11.65,NA,29.86,26.86,11.89,12.03,43.4,53.54,NA,NA,NA,NA,NA,NA,NA,NA,NA
"646",2020-05-21,4.65,11.65,NA,29.87,26.86,11.89,12.03,43.4,53.55,NA,NA,NA,NA,NA,NA,NA,NA,NA
"647",2020-05-20,4.65,11.65,NA,29.87,26.86,11.89,12.03,43.4,53.55,NA,NA,NA,NA,NA,NA,NA,NA,NA
"648",2020-05-19,4.65,11.64,NA,29.87,26.86,11.89,12.03,43.4,53.54,NA,NA,NA,NA,NA,NA,NA,NA,NA
"649",2020-05-18,4.65,11.64,NA,29.87,26.86,11.89,12.03,43.4,53.54,NA,NA,NA,NA,NA,NA,NA,NA,NA
"650",2020-05-17,4.65,11.64,NA,29.87,26.86,11.89,12.02,43.4,53.53,NA,NA,NA,NA,NA,NA,NA,NA,NA
"651",2020-05-16,4.65,11.64,NA,29.88,26.86,11.89,12.02,43.4,53.54,NA,NA,NA,NA,NA,NA,NA,NA,NA
"652",2020-05-15,4.65,11.64,NA,29.88,26.86,11.9,12.02,43.41,53.54,33.1,28,9.7,8.4,10.3,4.7,NA,53.1,41.1
"653",2020-05-15,4.65,11.64,NA,29.88,26.86,11.9,12.02,43.41,53.54,26.8,25.1,14.7,15.8,13.1,NA,NA,54.6,40.9
